character,translation,pinyin
曲,song,qū 
案,case, àn 
投,cast, tóu 
稳,stable, wěn 
敝,our, bì 
描,describe, miáo 
畜,livestock, xù 
款,payment, kuǎn 
窒,suffocate, zhì 
矮,short, ǎi 
卵,egg, luǎn 
蹿,jump up, cuān 
隐,hidden, yǐn 
盔,helmet, kuī 
爽,Cool, shuǎng 
传,pass, chuán 
喏,here, nuò 
舵,rudder, duò 
益,beneficial, yì 
爱,Love, ài 
远,Far, yuǎn 
择,select, zé 
澪,Mio, 澪 
划,Draw, huá 
瓢,ladle, piáo 
侣,companion, l锟斤拷 
思,think, sī 
齿,tooth, chǐ 
粑,cake, bā 
抿,sip, mǐn 
枯,withered, kū 
琼,Joan, qióng 
鲨,shark, shā 
握,grip, wò 
肤,skin, fū 
嚏,sneeze, tì 
褶,pleats, zhě 
刻,carve, kè 
纺,spin, fǎng 
秃,bald, tū 
痕,mark, hén 
博,Bo, bó 
镬,wok, huò 
泊,moor, bó 
娱,entertainment, yú 
染,dye, rǎn 
掸,dust off, dǎn 
蛰,sting, zhé 
囔,groan, nāng 
谣,rumor, yáo 
烦,bother, fán 
楷,regular script, kǎi 
额,Forehead, é 
咸,salty, xián 
柩,bier, jiù 
瘫,paralyzed, tān 
葱,onion, cōng 
窥,peep, kuī 
枕,pillow, zhěn 
锚,anchor, máo 
录,record, lù 
墓,tomb, mù 
芋,taro, yù 
囚,Prisoners, qiú 
疆,frontier, jiāng 
镇,town, zhèn 
吝,stingy, lìn 
卜,predict, bǔ 
椿,Tsubaki, chūn 
鹿,deer, lù 
哆,duo, duō 
胜,win, shèng 
评,comment, píng 
捆,bundle, kǔn 
拧,screw, níng 
柄,handle, bǐng 
焊,weld, hàn 
另,Other, lìng 
市,city, shì 
勾,hook, gōu 
踹,kick, chuài 
轨,rail, guǐ 
旬,ten days, xún 
穆,Mu, mù 
尝,taste, cháng 
乒,ping, pīng 
损,damage, sǔn 
蚀,eclipse, shí 
云,cloud, yún 
钟,bell, zhōng 
搏,fight, bó 
琐,petty, suǒ 
肚,tripe, dù 
瑟,se, sè 
洼,depression, wā 
奈,Chennai, nài 
弈,game, yì 
幸,fortunate, xìng 
牵,hold, qiān 
灸,Moxibustion, jiǔ 
姻,marriage, yīn 
导,guide, dǎo 
吧,Bar, bā 
陌,street, mò 
质,quality, zhì 
答,answer, dá 
嫂,sister-in-law, sǎo 
逻,logic, luó 
甭,Say nothing, béng 
削,cut, xiāo 
腱,tendon, jiàn 
男,male, nán 
蔡,Tsai, cài 
承,bear, chéng 
擒,capture, qín 
哀,sorrow, āi 
诧,surprised, chà 
关,close, guān 
莹,Ying, yíng 
牙,tooth, yá 
弛,relax, chí 
哗,Wow, huá 
破,break, pò 
流,flow, liú 
姊,Sister, zǐ 
驽,dull, nú 
搅,stir, jiǎo 
珂,Ke, kē 
畅,smooth, chàng 
帽,cap, mào 
胚,Embryo, pēi 
翅,wing, chì 
峡,gorge, xiá 
裴,Bae, péi 
泰,Thai, tài 
舀,scoop, yǎo 
致,To, zhì 
啸,whistling, xiào 
炒,saute, chǎo 
溺,drown, nì 
屠,Butcher, tú 
镖,dart, biāo 
扦,stick in, qiān 
面,noodle, miàn 
愧,ashamed, kuì 
颠,upside down, diān 
捎,take along, shāo 
崩,collapse, bēng 
卖,Sell, mài 
萌,cute, méng 
凄,sad, qī 
欣,enjoy, xīn 
薏,Job's tears, yì 
町,town, tǐng 
汕,Shantou, shàn 
妮,Ni, nī 
翼,wing, yì 
衿,lapel, jīn 
副,vice, fù 
多,many, duō 
困,Sleepy, kùn 
骄,arrogant, jiāo 
胀,swelling, zhàng 
措,measures, cuò 
济,economy, jì 
营,camp, yíng 
会,meeting, huì 
朽,rotten, xiǔ 
殖,breed, zhí 
俭,frugal, jiǎn 
懵,stupid, měng 
汞,HG, gǒng 
琪,Qi, qí 
空,null, kōng 
革,leather, gé 
乍,first, zhà 
秒,second, miǎo 
闸,brake, zhá 
妳,you, 妳 
昧,Ambiguous, mèi 
炬,torch, jù 
绳,rope, shéng 
掺,mix, chān 
韦,Wei, wéi 
缕,thread, l锟斤拷 
么,What?, me 
引,lead, yǐn 
暮,twilight, mù 
茧,cocoon, jiǎn 
嚼,chew, jiáo 
还,return, huán 
缅,Myanmar, miǎn 
陨,fall from the sky, yǔn 
邓,Deng, dèng 
斯,Si, sī 
卯,Mao, mǎo 
陵,mausoleum, líng 
咏,chant, yǒng 
腓,Phillips, féi 
援,aid, yuán 
肿,swell, zhǒng 
溪,creek, xī 
础,foundation, chǔ 
鞍,saddle, ān 
宁,rather, níng 
浜,bang, bāng 
吵,Quarrel, chǎo 
庚,Geng, gēng 
干,Dry, gān 
呃,Uh, è 
日,day, rì 
山,Mountain, shān 
奸,evil, jiān 
栋,Building, dòng 
沓,again and again, tà 
祥,auspicious, xiáng 
丹,Dan, dān 
疡,ulcer, yáng 
剪,Cut, jiǎn 
畔,by the side, pàn 
卞,Bian, biàn 
赦,amnesty, shè 
跷,seesaw, qiāo 
乘,take, chéng 
翔,Xiang, xiáng 
蝎,scorpion, xiē 
霉,mold, méi 
漠,desert, mò 
相,Mutually, xiāng 
站,stand, zhàn 
玺,Xi, xǐ 
括,include, kuò 
妇,woman, fù 
沾,stick, zhān 
憋,hold back, biē 
型,type, xíng 
珞,Luo, luò 
鱿,squid, yóu 
嵌,embedded, qiàn 
叔,uncle, shū 
斟,to pour, zhēn 
骸,skeleton, hái 
憾,regret, hàn 
淌,drip, tǎng 
安,install, ān 
剐,cut, guǎ 
蹦,jump, bèng 
妓,prostitute, jì 
自,since, zì 
烬,ember, jìn 
凋,withered, diāo 
镜,mirror, jìng 
晨,morning, chén 
丢,leave, diū 
祛,remove, qū 
帕,Pa, pà 
痛,pain, tòng 
窠,nest, kē 
亲,Dear, qīn 
颤,trembling, chàn 
防,Defend, fáng 
枫,maple, fēng 
秀,show, xiù 
厢,box, xiāng 
戎,Rong, róng 
衫,shirt, shān 
幡,banner, fān 
预,in advance, yù 
糜,Mi, mí 
钮,button, niǔ 
左,left, zuǒ 
潮,tide, cháo 
于,At, yú 
促,promote, cù 
孚,Fu, fú 
嗙,snort, 嗙 
史,history, shǐ 
滕,Teng, téng 
书,Book, shū 
归,return, guī 
衍,Derived, yǎn 
欸,Eh, 欸 
转,change, zhuǎn 
剧,drama, jù 
敲,knock, qiāo 
成,to make, chéng 
粉,pink, fěn 
嗄,Ah, shà 
擤,blow, xǐng 
噘,pout, juē 
晚,Night, wǎn 
睾,Testosterone, gāo 
李,plum, lǐ 
榛,hazel, zhēn 
耽,delay, dān 
妄,delusional, wàng 
攥,grip, zuàn 
箩,the basket, luó 
据,according to, jù 
走,Walk, zǒu 
烛,candle, zhú 
待,treat, dài 
袄,jacket, ǎo 
赋,give, fù 
林,Forest, lín 
止,end, zhǐ 
肴,meat dish, yáo 
肝,liver, gān 
僧,monk, sēng 
茫,vast, máng 
靥,dimple, yè 
郎,Lang, láng 
缓,slow, huǎn 
启,start, qǐ 
昱,Yu, yù 
搀,mix, chān 
街,street, jiē 
类,kind, lèi 
仔,young, zī 
劝,advise, quàn 
加,add, jiā 
虹,rainbow, hóng 
补,repair, bǔ 
矿,mine, kuàng 
纨,white silk, wán 
泷,Taki, lóng 
剑,sword, jiàn 
坡,slope, pō 
馊,rancid, sōu 
脾,spleen, pí 
跨,across, kuà 
栈,the stack, zhàn 
栗,chestnut, lì 
恢,restore, huī 
糗,embarrassment, qiǔ 
铁,iron, tiě 
绕,around, rào 
次,Second-rate, cì 
坪,Ping, píng 
勇,brave, yǒng 
淮,Huai, huái 
秽,dirty, huì 
雇,hire, gù 
鼓,drum, gǔ 
炖,stew, dùn 
工,work, gōng 
狗,dog, gǒu 
村,village, cūn 
撞,Collide, zhuàng 
瘪,deflated, biē 
眸,eye, móu 
银,silver, yín 
骆,Luo, luò 
载,load, zài 
刑,punishment, xíng 
灯,lamp, dēng 
彰,show off, zhāng 
籽,seed, zǐ 
嗒,despair, tà 
噩,startling, è 
晖,Fai, huī 
求,beg, qiú 
拴,tied, shuān 
集,set, jí 
地,land, dì 
贷,loan, dài 
肘,elbow, zhǒu 
阎,Yan, yán 
育,education, yù 
默,silent, mò 
宋,song, sòng 
卷,roll, juàn 
象,elephant, xiàng 
列,List, liè 
潜,latent, qián 
琢,cut, zhuó 
翱,soar, áo 
代,generation, dài 
咂,suck, zā 
道,road, dào 
审,trial, shěn 
隋,sui, suí 
县,county, xiàn 
拇,thumb, mǔ 
备,prepare, bèi 
裔,descent, yì 
桨,paddle, jiǎng 
烫,hot, tàng 
蕴,Yun, yùn 
堡,fort, bǎo 
吞,swallow, tūn 
壳,shell, ké 
趁,take advantage of, chèn 
黄,yellow, huáng 
醉,drunk, zuì 
饱,full, bǎo 
岗,Hill, gǎng 
万,Ten thousand, wàn 
嗲,whine, diǎ 
竭,exhaust, jié 
朝,towards, zhāo 
蓄,save, xù 
途,way, tú 
九,Nine, jiǔ 
皆,all, jiē 
嫌,dislike, xián 
鉴,learn from, jiàn 
螺,screw, luó 
胁,threat, xié 
鼠,mouse, shǔ 
只,Only, zhī 
邑,Yap, yì 
烩,braise, huì 
孩,child, hái 
期,Expect, qī 
璐,Lu, lù 
旗,flag, qí 
透,through, tòu 
靴,boots, xuē 
庞,Pang, páng 
战,war, zhàn 
挠,scratch, náo 
屑,crumbs, xiè 
夜,night, yè 
姚,Yao, yáo 
羞,shame, xiū 
痨,tuberculosis, láo 
屹,Yi, yì 
瘦,thin, shòu 
办,manage, bàn 
佳,good, jiā 
织,to weave, zhī 
扶,help, fú 
丰,rich, fēng 
倍,times, bèi 
诉,v., sù 
蜕,slough, tuì 
蔑,smear, miè 
泼,splash, pō 
咀,Tsui, jǔ 
璜,Juan, huáng 
毗,adjoin, pí 
呜,Woo, wū 
统,system, tǒng 
苦,bitter, kǔ 
沥,Leak, lì 
颊,cheek, jiá 
您,you, nín 
利,profit, lì 
惟,but, wéi 
摇,shake, yáo 
猎,hunting, liè 
儒,Confucianism, rú 
放,put, fàng 
概,roughly, gài 
荷,charge, hé 
锹,shovel, qiāo 
到,arrive, dào 
恙,ailment, yàng 
缴,pay, jiǎo 
薄,Thin, báo 
卸,unload, xiè 
奄,suddenly, yǎn 
涌,Chung, yǒng 
巨,huge, jù 
短,short, duǎn 
杵,pestle, chǔ 
氏,Shi, shì 
梯,ladder, tī 
龚,gong, gōng 
习,habit, xí 
嗽,cough, sòu 
呓,Raving, yì 
废,waste, fèi 
褐,brown, hè 
度,Spend, dù 
肾,kidney, shèn 
国,country, guó 
弥,Mi, mí 
穴,hole, xué 
葬,burial, zàng 
隶,scribe, lì 
汽,steam, qì 
谏,admonish, jiàn 
盯,stare, dīng 
领,collar, lǐng 
冻,freeze, dòng 
雄,male, xióng 
激,exciting, jī 
诀,tactic, jué 
撤,withdraw, chè 
举,raise, jǔ 
槌,hammer, chuí 
礼,present, lǐ 
才,talent, cái 
腔,Cavity, qiāng 
系,Tie, xì 
怪,Strange, guài 
眉,eyebrow, méi 
迦,Jia, jiā 
棕,brown, zōng 
刷,brush, shuā 
罄,exhausted, qìng 
嚣,clamor, xiāo 
显,show, xiǎn 
的,of, de 
罐,Can, guàn 
换,Change, huàn 
独,alone, dú 
娴,Xian, xián 
灭,off, miè 
凭,by, píng 
钓,to fish, diào 
弟,younger brother, dì 
脑,brain, nǎo 
彩,color, cǎi 
烙,burn, lào 
蛊,insanity, gǔ 
呦,Yo, yōu 
淫,kinky, yín 
脖,neck, bó 
稀,dilute, xī 
怡,Yee, yí 
汗,sweat, hàn 
拒,refuse, jù 
柬,Cambodia, jiǎn 
斡,turn, wò 
齐,together, qí 
峙,stand up, zhì 
咪,mum, mī 
刀,Knife, dāo 
搂,hug, lǒu 
逸,Yat, yì 
驯,tame, xùn 
莲,lotus, lián 
雁,wild goose, yàn 
驴,donkey, l锟斤拷 
丸,pill, wán 
妹,sister, mèi 
首,head, shǒu 
泾,Jing, jīng 
咨,consult, zī 
啥,What, shá 
厨,kitchen, chú 
本,Book, běn 
樘,樘, táng 
沏,steep, qī 
莫,mo, mò 
密,dense, mì 
宠,pet, chǒng 
剔,tick, tī 
写,Write, xiě 
毕,complete, bì 
父,father, fù 
祷,prayer, dǎo 
驹,foal, jū 
绣,embroidered, xiù 
零,zero, líng 
层,Floor, céng 
绮,Qi, qǐ 
霓,Neon, ní 
绚,Brilliant, xuàn 
喉,throat, hóu 
拘,arrest, jū 
柏,cypress, bǎi 
贡,tribute, gòng 
妾,concubine, qiè 
吕,Lu, l锟斤拷 
渐,gradually, jiàn 
渡,to cross, dù 
束,bundle, shù 
秋,Autumn, qiū 
失,lose, shī 
秘,secret, mì 
姓,surname, xìng 
恤,shirt, xù 
撬,pry, qiào 
啊,what, ā 
早,morning, zǎo 
罗,Luo, luó 
木,Wood, mù 
恬,Tian, tián 
仪,instrument, yí 
免,waived, miǎn 
羁,restrain, jī 
灶,kitchen, zào 
力,force, lì 
清,clear, qīng 
味,taste, wèi 
佘,she, shé 
碴,ballast, chá 
粕,Meal, pò 
板,plate, bǎn 
汁,juice, zhī 
病,sick, bìng 
献,offer, xiàn 
筑,build, zhù 
仗,battle, zhàng 
奢,extravagant, shē 
懒,lazy, lǎn 
船,ferry, chuán 
贬,derogatory, biǎn 
岳,the mountain, yuè 
鸾,luan, luán 
藜,quinoa, lí 
吃,eat, chī 
顺,Shun, shùn 
楚,Chu, chǔ 
揪,pull, jiū 
颁,awarded, bān 
遁,escape, dùn 
坐,sit, zuò 
嗓,voice, sǎng 
互,mutual, hù 
蛀,termite, zhù 
弯,bend, wān 
腿,leg, tuǐ 
拆,dismantle, chāi 
菁,Jing, jīng 
厅,hall, tīng 
故,so, gù 
敌,enemy, dí 
招,trick, zhāo 
乳,milk, rǔ 
旱,drought, hàn 
蟾,toad, chán 
喂,Hey, wèi 
赔,pay, péi 
喧,noise, xuān 
线,Wire, xiàn 
俚,slang, lǐ 
这,This, zhè 
惦,miss, diàn 
孬,Nah, nāo 
椒,pepper, jiāo 
钳,clamp, qián 
值,value, zhí 
绍,introduce, shào 
追,Chase, zhuī 
伊,i, yī 
廉,inexpensive, lián 
琵,lute, pí 
讨,discuss, tǎo 
伦,Lun, lún 
腮,cheek, sāi 
悯,pity, mǐn 
肩,shoulder, jiān 
示,Show, shì 
肮,dirty, āng 
澄,clear, chéng 
砸,hit, zá 
埋,to bury, mái 
莴,lettuce, wō 
森,Forest, sēn 
屏,Screen, píng 
规,regulation, guī 
肱,brachial, gōng 
粪,manure, fèn 
缩,shrink, suō 
置,place, zhì 
唱,Sing, chàng 
硼,boron, péng 
肢,limb, zhī 
犯,commit, fàn 
芯,core, xīn 
脆,crisp, cuì 
诺,promise, nuò 
殊,special, shū 
碘,iodine, diǎn 
柜,cabinet, guì 
镶,set, xiāng 
飙,soar, biāo 
硕,large, shuò 
兆,trillion, zhào 
事,thing, shì 
呐,Na, nà 
泛,pan-, fàn 
铃,bell, líng 
绝,absolutely, jué 
幂,power, mì 
轩,Xuan, xuān 
草,Grass, cǎo 
朱,Zhu, zhū 
夷,Yi, yí 
蜡,wax, là 
牠,it, 牠 
掰,Break off, bāi 
椎,Vertebral, zhuī 
弦,string, xián 
勃,Bob, bó 
讯,News, xùn 
题,question, tí 
邬,Wu, wū 
俗,vulgar, sú 
舞,dance, wǔ 
骂,scold, mà 
冰,ice, bīng 
睿,Rui, ruì 
至,to, zhì 
侬,Lennon, nóng 
享,Enjoy, xiǎng 
擎,engine, qíng 
斑,spot, bān 
聘,hire, pìn 
搁,put, gē 
鼎,tripod, dǐng 
笺,note, jiān 
沼,swamp, zhǎo 
鸦,crow, yā 
训,training, xùn 
务,service, wù 
该,Should, gāi 
貌,appearance, mào 
隙,gap, xì 
孰,what, shú 
蒙,Mongolian, mēng 
及,and, jí 
蚁,ant, yǐ 
叹,sigh, tàn 
熙,hee, xī 
释,release, shì 
狒,hamadryad, fèi 
祯,Zhen, zhēn 
跌,fall, diē 
双,pair, shuāng 
函,letter, hán 
叭,Bat, bā 
终,end, zhōng 
坤,kun, kūn 
粹,pure, cuì 
占,Take up, zhān 
搭,take, dā 
陈,List, chén 
菲,Philippines, fēi 
饶,Rao, ráo 
痧,Sha, shā 
抚,caress, fǔ 
棺,coffin, guān 
愚,stupid, yú 
涯,Career, yá 
稍,a little, shāo 
衩,panties, chà 
蔗,sugarcane, zhè 
边,side, biān 
汉,Chinese, hàn 
莎,salsa, shā 
施,apply, shī 
羹,soup, gēng 
糠,bran, kāng 
弹,bomb, dàn 
简,simple, jiǎn 
喊,call, hǎn 
役,service, yì 
壹,one, yī 
囧,Oops, 囧 
歼,Annihilating, jiān 
笑,laugh, xiào 
常,often, cháng 
邪,evil, xié 
调,tone, diào 
痂,scab, jiā 
企,enterprise, qǐ 
配,match, pèi 
京,Beijing, jīng 
听,listen, tīng 
揽,embrace, lǎn 
铎,tudor, duó 
觅,seek, mì 
唤,call, huàn 
唾,saliva, tuò 
尺,ruler, chǐ 
操,Hold, cāo 
湄,mae, méi 
汇,exchange, huì 
倏,suddenly, shū 
挡,block, dǎng 
爪,claw, zhǎo 
段,part, duàn 
拷,copy, kǎo 
眠,sleep, mián 
谙,familiar with, ān 
鞋,shoe, xié 
荻,hagi, dí 
删,delete, shān 
疚,guilt, jiù 
午,noon, wǔ 
卿,Qing, qīng 
淇,Qi, qí 
濒,near, bīn 
匹,match, pǐ 
黛,Dai, dài 
累,tired, léi 
怨,blame, yuàn 
蔓,vine, wàn 
喽,myself, lóu 
豚,dolphin, tún 
梨,pear, lí 
爆,burst, bào 
循,Follow, xún 
迫,force, pò 
咒,curse, zhòu 
邮,mail, yóu 
不,Do not, bù 
亘,through, gèn 
三,three, sān 
侠,chivalrous, xiá 
棍,stick, gùn 
耸,towering, sǒng 
咖,coffee, kā 
痞,swelling of the liver, pǐ 
砌,to build, qì 
嫖,visit a prostitute, piáo 
瑜,yoga, yú 
笋,bamboo shoots, sǔn 
傻,Silly, shǎ 
偎,cuddle, wēi 
熨,to iron, yùn 
血,Blood, xuè 
贰,two, èr 
橙,orange, chéng 
戳,stamp, chuō 
蒜,garlic, suàn 
瞿,Qu, qú 
兮,Xi, xī 
浪,wave, làng 
吊,to hang, diào 
算,Calculate, suàn 
胡,Hu, hú 
总,total, zǒng 
逮,catch, dài 
漕,canal, cáo 
糕,cake, gāo 
仟,thousand, qiān 
金,gold, jīn 
肆,four, sì 
醮,Jiao, jiào 
孙,sun, sūn 
棉,cotton, mián 
翌,next, yì 
等,Wait, děng 
窦,sinus, dòu 
粘,stick, zhān 
槐,Sophora japonica, huái 
抛,throw, pāo 
笔,Pen, bǐ 
料,material, liào 
杜,Du, dù 
创,create, chuàng 
姑,aunt, gū 
温,temperature, wēn 
言,Word, yán 
抻,stretch, chēn 
艰,difficult, jiān 
哩,Mile, li 
噜,chatter, lū 
柿,persimmon, shì 
洋,foreign, yáng 
毙,shoot, bì 
掉,Lose, diào 
裁,cut, cái 
虾,shrimp, xiā 
槛,threshold, jiàn 
谗,slander, chán 
上,superior, shàng 
谱,spectrum, pǔ 
歪,crooked, wāi 
暴,violent, bào 
焰,flame, yàn 
悉,know, xī 
眼,Eye, yǎn 
粒,grain, lì 
涉,ford, shè 
兀,Wu, wù 
燮,Xie, xiè 
茉,Jasmine, mò 
卡,Card, qiǎ 
胎,fetal, tāi 
析,analysis, xī 
谨,Sincerely, jǐn 
信,letter, xìn 
饭,meal, fàn 
瞒,conceal, mán 
餐,meal, cān 
慰,comfort, wèi 
嗳,Ai, ǎi 
卦,Gua, guà 
楔,wedge, xiē 
恋,love, liàn 
睬,pay attention, cǎi 
濑,Seto, lài 
抬,lift, tái 
腹,belly, fù 
惠,benefit, huì 
真,real, zhēn 
泳,swimming, yǒng 
热,hot, rè 
骥,Ji, jì 
掏,dig, tāo 
有,Have, yǒu 
讳,taboo, huì 
蜷,curl up, quán 
韧,tough, rèn 
抡,whirl, lūn 
脱,take off, tuō 
瀑,waterfall, pù 
摘,pick, zhāi 
离,Leave, lí 
啃,bite, kěn 
易,easy, yì 
妒,jealous, dù 
狸,raccoon, lí 
宰,slaughter, zǎi 
忒,Intuit, tè 
族,family, zú 
穷,poverty, qióng 
魂,soul, hún 
瞪,stare, dèng 
汀,Ting, tīng 
榄,Olive, lǎn 
谭,tan, tán 
缄,seal, jiān 
昨,Yesterday, zuó 
噬,bite, shì 
孤,solitary, gū 
瑶,Yao, yáo 
漆,paint, qī 
颓,decadent, tuí 
苛,Harsh, kē 
碳,carbon, tàn 
绞,twist, jiǎo 
姜,ginger, jiāng 
骐,Qi, qí 
姥,Grandma, mǔ 
詹,James, zhān 
卓,Zhuo, zhuó 
寥,very few, liáo 
蓉,Rong, róng 
偿,compensate, cháng 
媳,daughter-in-law, xí 
埃,Egypt, āi 
彬,Bin, bīn 
锥,cone, zhuī 
沐,Mu, mù 
迪,Dee, dí 
非,No, fēi 
找,Find, zhǎo 
拳,fist, quán 
再,Again, zài 
烘,bake, hōng 
缶,pottery, fǒu 
达,reach, dá 
藕,lotus root, ǒu 
盾,shield, dùn 
傧,best man, bīn 
播,broadcast, bō 
矣,carry on, yǐ 
贪,greedy, tān 
饼,cake, bǐng 
仲,Zhong, zhòng 
疑,suspect, yí 
梓,Azusa, zǐ 
绵,cotton, mián 
癌,cancer, ái 
威,prestige, wēi 
樱,cherry, yīng 
莞,Guan, guān 
雕,carved, diāo 
赠,gift, zèng 
机,machine, jī 
咎,blame, jiù 
曼,Man, màn 
朴,Park, pǔ 
坏,Bad, huài 
佬,guy, lǎo 
域,area, yù 
忖,guess, cǔn 
恣,wanton, zī 
蔵,Kuro, 蔵 
惺,sleepy, xīng 
又,again, yòu 
良,good, liáng 
龄,age, líng 
喘,asthma, chuǎn 
鲍,abalone, bào 
建,establish, jiàn 
瘾,addiction, yǐn 
拍,shoot, pāi 
乔,Joe, qiáo 
劵,voucher, 劵 
欲,want, yù 
潭,pond, tán 
园,garden, yuán 
拱,arch, gǒng 
当,when, dāng 
心,Heart, xīn 
贱,cheap, jiàn 
僵,stiff, jiāng 
炉,furnace, lú 
却,but, què 
福,blessing, fú 
摔,fall, shuāi 
攸,You, yōu 
貂,mink, diāo 
旻,Min, 旻 
羡,envy, xiàn 
台,tower, tái 
殉,martyrdom, xùn 
口,mouth, kǒu 
愁,worry, chóu 
坚,strong, jiān 
诠,interpretation, quán 
囍,happy, 囍 
偕,Kai, xié 
沛,Pei, pèi 
嘱,order, zhǔ 
闺,boudoir, guī 
魏,Wei, wèi 
幢,building, chuáng 
臣,minister, chén 
戆,stupid, gàng 
酣,intoxicated, hān 
季,season, jì 
们,they, mén 
渗,Seep, shèn 
约,about, yuē 
斗,fight, dǒu 
舒,Shu, shū 
豪,Howe, háo 
辐,spoke, fú 
炷,stick, zhù 
固,solid, gù 
拽,pull, zhuài 
惜,pity, xī 
瓶,bottle, píng 
踝,ankle, huái 
咧,Lie, liě 
刊,published, kān 
壑,gully, hè 
乙,Second, yǐ 
敬,Respectfully, jìng 
潇,Xiao, xiāo 
坂,saka, bǎn 
睹,see, dǔ 
把,Bundle, bǎ 
仁,Benevolence, rén 
拉,pull, lā 
撒,spread, sā 
忽,suddenly, hū 
糊,paste, hū 
衬,lining, chèn 
犁,plow, lí 
行,Row, xíng 
矩,moment, jǔ 
昵,close, nì 
呸,Pooh, pēi 
否,no, fǒu 
绨,Tiny, tí 
呛,choke, qiāng 
涣,Huan, huàn 
望,see, wàng 
忆,memory, yì 
冯,Feng, féng 
鬓,Temple, bìn 
庇,shelter, bì 
涮,rinse, shuàn 
词,word, cí 
哏,naughty, gén 
炫,dazzle, xuàn 
吟,chant, yín 
荡,swing, dàng 
藐,despise, miǎo 
柯,Ke, kē 
鲟,sturgeon, xún 
劣,inferior, liè 
鸟,bird, niǎo 
愈,heal, yù 
阐,elucidate, chǎn 
晒,show, shài 
肺,lung, fèi 
述,described, shù 
钞,money, chāo 
逢,meet, féng 
虑,consider, l锟斤拷 
屈,Bend, qū 
硫,sulfur, liú 
梅,plum, méi 
岬,cape, jiǎ 
腥,fishy, xīng 
茎,stem, jīng 
克,gram, kè 
谷,Valley, gǔ 
煞,Sha, shā 
省,Province, shěng 
也,also, yě 
菇,mushroom, gū 
是,Yes, shì 
搓,twist, cuō 
围,around, wéi 
寄,send, jì 
洒,sprinkle, sǎ 
裸,bare, luǒ 
拖,drag, tuō 
崇,worship, chóng 
姿,posture, zī 
就,At once, jiù 
欧,Europe, ōu 
妞,little girl, niū 
玖,nine, jiǔ 
阵,Array, zhèn 
凖,the, 凖 
矜,Reserved, jīn 
烈,strong, liè 
珊,Shan, shān 
冉,ran, rǎn 
舟,Boat, zhōu 
扣,buckle, kòu 
顿,pause, dùn 
扩,expand, kuò 
晤,meet, wù 
存,live, cún 
咔,click, kǎ 
西,West, xī 
叨,nagging, tāo 
甚,very, shèn 
春,spring, chūn 
仞,Ren, rèn 
策,Policy, cè 
寰,Huan, huán 
殷,Yin, yīn 
截,cut, jié 
千,thousand, qiān 
快,quick, kuài 
荐,recommend, jiàn 
烂,rotten, làn 
驶,drive, shǐ 
帛,silk, bó 
囊,bag, náng 
戟,halberd, jǐ 
旋,spin, xuán 
爬,climb, pá 
院,hospital, yuàn 
巢,nest, cháo 
樽,bottle, zūn 
连,even, lián 
官,official, guān 
扛,Carry, káng 
馁,hungry, něi 
董,Dong, dǒng 
应,answer, yīng 
聂,Nie, niè 
朋,friend, péng 
燕,swallow, yàn 
捐,donate, juān 
痉,spasm, jìng 
亟,urgently, jí 
沸,boil, fèi 
舍,Abandon, shè 
豆,bean, dòu 
陷,trap, xiàn 
盒,box, hé 
蠢,stupid, chǔn 
啄,peck, zhuó 
池,pool, chí 
雏,chicks, chú 
你,you, nǐ 
纱,yarn, shā 
江,Jiang, jiāng 
磷,phosphorus, lín 
知,Know, zhī 
蝉,cicada, chán 
凿,chisel, záo 
在,exist, zài 
扮,play up, bàn 
鹰,eagle, yīng 
镑,pound, bàng 
蹄,hoof, tí 
骰,dice, tóu 
蛙,frog, wā 
呕,vomit, ǒu 
琴,piano, qín 
辘,reel, lù 
戚,Qi, qī 
假,Fake, jiǎ 
痿,atrophy, wěi 
篮,basket, lán 
漱,rinse, shù 
恩,kindness, ēn 
辽,Liao, liáo 
亦,as well as, yì 
伤,hurt, shāng 
塌,collapse, tā 
赐,bestow, cì 
敏,Sensitive, mǐn 
妖,demon, yāo 
乌,black, wū 
霾,haze, mái 
瑭,jade, táng 
唉,Ugh, āi 
幕,screen, mù 
贫,poor, pín 
勿,do not, wù 
群,group, qún 
胸,chest, xiōng 
撕,tear, sī 
哟,Yo, yō 
灌,fill, guàn 
盖,cover, gài 
祠,temple, cí 
臻,Perfect, zhēn 
涩,astringent, sè 
牢,prison, láo 
腰,waist, yāo 
俞,Yu, yú 
榨,squeeze, zhà 
莽,reckless, mǎng 
浇,to pour, jiāo 
柺,abduct, 柺 
剩,left, shèng 
酗,drunk, xù 
泽,Ze, zé 
想,think, xiǎng 
并,and, bìng 
咿,babble, yī 
爵,Jazz, jué 
隼,falcon, sǔn 
燃,burn, rán 
混,mix, hùn 
粥,Porridge, zhōu 
平,flat, píng 
朦,deceive, méng 
记,remember, jì 
标,mark, biāo 
股,share, gǔ 
歩,walk, 歩 
饵,bait, ěr 
延,extend, yán 
豺,Jackal, chái 
噱,loud laughter, jué 
悄,quiet, qiǎo 
鲑,salmon, guī 
夺,snatch, duó 
填,fill, tián 
讷,Ner, nè 
湛,Cham, zhàn 
雌,female, cí 
晔,Ye, yè 
闩,latch, shuān 
酌,discretionary, zhuó 
岩,rock, yán 
联,couplet, lián 
如,like, rú 
贴,paste, tiē 
宪,constitution, xiàn 
匿,hide, nì 
痩,thin, 痩 
勘,survey, kān 
狞,caracal, níng 
狮,lion, shī 
指,refer to, zhǐ 
煲,pot, bāo 
嘉,Chia, jiā 
形,shape, xíng 
兑,against, duì 
妃,concubine, fēi 
链,chain, liàn 
进,Enter, jìn 
拌,mix, bàn 
叉,cross, chā 
身,body, shēn 
哑,dumb, yǎ 
势,Potential, shì 
周,week, zhōu 
嘘,hush, xū 
过,Pass, guò 
凸,convex, tū 
窝,nest, wō 
暂,temporarily, zàn 
末,end, mò 
劲,strength, jìn 
天,sky, tiān 
渊,deep, yuān 
哞,moo, mōu 
怂,counsel, sǒng 
鲁,Lu, lǔ 
较,compare, jiào 
哪,where, nǎ 
摸,touch, mō 
煸,stir fry, biān 
岂,don't you, qǐ 
证,certificate, zhèng 
滴,drop, dī 
册,book, cè 
社,society, shè 
晦,dark, huì 
尼,Ni, ní 
龙,dragon, lóng 
物,thing, wù 
挛,Convulsion, luán 
翁,Weng, wēng 
凉,cold, liáng 
焦,coke, jiāo 
者,By, zhě 
桐,Tong, tóng 
啼,cry, tí 
汲,draw, jí 
熊,Bear, xióng 
坦,Tank, tǎn 
输,lose, shū 
赢,win, yíng 
臊,smell of urine, sāo 
迹,trace, jì 
比,Compare, bǐ 
润,Run, rùn 
提,carry, tí 
融,melt, róng 
揍,beat, zòu 
背,back, bèi 
产,Produce, chǎn 
弱,weak, ruò 
技,technology, jì 
生,pregnancy, shēng 
似,like, sì 
甬,Yong, yǒng 
凶,fierce, xiōng 
淘,scouring, táo 
功,achievement, gōng 
菩,Bodhisattva, pú 
珠,bead, zhū 
咳,cough, ké 
烹,cooking, pēng 
单,one, dān 
瞟,cast a glance, piǎo 
劫,robbery, jié 
藤,rattan, téng 
浩,Hao, hào 
聊,chat, liáo 
缆,cable, lǎn 
崔,Cui, cuī 
抠,pick, kōu 
模,mold, mó 
锲,wedge, qiè 
蕃,fan, fán 
艾,AI, ài 
糖,sugar, táng 
炮,gun, páo 
晴,clear, qíng 
费,fee, fèi 
铅,lead, qiān 
收,receive, shōu 
契,deed, qì 
渥,wow, wò 
楼,building, lóu 
叙,Syria, xù 
溃,crash, kuì 
浓,concentrated, nóng 
轮,wheel, lún 
恒,constant, héng 
褪,fade, tùn 
割,cut, gē 
增,increase, zēng 
盲,blind, máng 
遭,suffered, zāo 
判,sentence, pàn 
挑,pick, tiāo 
嘛,Well, ma 
壁,wall, bì 
钠,sodium, nà 
洙,soo, zhū 
闲,idle, xián 
夸,boast, kuā 
控,control, kòng 
觉,Sleep, jué 
来,Come, lái 
颧,Zygomatic, quán 
鲤,carp, lǐ 
氛,atmosphere, fēn 
渴,thirsty, kě 
影,film, yǐng 
毛,hair, máo 
临,Pro, lín 
睛,eye, jīng 
她,she, tā 
酿,wine, niàng 
惯,used, guàn 
寡,widowed, guǎ 
岛,island, dǎo 
其,That, qí 
给,Give, gěi 
枪,gun, qiāng 
剁,chop, duò 
罪,crime, zuì 
翟,Zhai, dí 
霞,Xia, xiá 
喷,spray, pēn 
拜,bye, bài 
尚,Yet, shàng 
陆,land, lù 
梗,stem, gěng 
阙,the que, què 
酶,enzyme, méi 
颂,Praise, sòng 
蹟,trace, lì 
汤,soup, tāng 
王,king, wáng 
祂,he, 祂 
祈,pray, qí 
乱,chaos, luàn 
讲,speak, jiǎng 
斤,catty, jīn 
健,healthy, jiàn 
娘,mother, niáng 
躁,impatient, zào 
蓓,bei, bèi 
薛,Xue, xuē 
张,open, zhāng 
孵,hatch, fū 
星,star, xīng 
沧,cang, cāng 
惭,ashamed, cán 
冽,cold, liè 
搧,fan, 搧 
弊,Disadvantages, bì 
交,pay, jiāo 
忙,busy, máng 
辉,bright, huī 
冬,winter, dōng 
尾,tail, wěi 
尧,Yao, yáo 
纾,relax, shū 
护,protect, hù 
臂,arm, bì 
辞,speech, cí 
搔,scratch, sāo 
白,White, bái 
靠,Depend on, kào 
淋,shower, lín 
旺,prosperous, wàng 
裱,mount, biǎo 
穿,Put on, chuān 
颐,Yi, yí 
睁,open eyes, zhēng 
沤,steep, òu 
拾,pickup, shí 
昆,Kun, kūn 
央,Central, yāng 
凛,cold, lǐn 
堤,embankment, dī 
宛,Wan, wǎn 
编,make up, biān 
诱,lure, yòu 
缝,seam, féng 
拙,clumsy, zhuō 
牟,Mu, móu 
鸽,pigeon, gē 
黎,Lai, lí 
蹬,pedal, dēng 
冀,hope, jì 
戈,Ge, gē 
阴,Negative, yīn 
勤,diligent, qín 
倾,pour, qīng 
尊,respect, zūn 
垢,dirt, gòu 
气,gas, qì 
姨,Aunt, yí 
照,According to, zhào 
坨,lump, tuó 
顽,stubborn, wán 
幽,quiet, yōu 
律,law, l锟斤拷 
钝,blunt, dùn 
苺,Berry, qī 
尓,Er, 尓 
叫,Call, jiào 
最,most, zuì 
主,host, zhǔ 
开,open, kāi 
腐,Rot, fǔ 
纤,fiber, xiān 
绘,painted, huì 
挥,wield, huī 
续,continued, xù 
练,practice, liàn 
刮,shave, guā 
杉,fir, shān 
玩,Play, wán 
稻,rice, dào 
间,between, jiān 
沽,sell, gū 
鸡,chicken, jī 
捉,catch, zhuō 
蕾,bud, lěi 
吗,Is it, má 
洛,low, luò 
风,wind, fēng 
丑,ugly, chǒu 
吁,Appeal, xū 
捞,fishing, lāo 
秉,Bing, bǐng 
哲,Philosophy, zhé 
分,Minute, fēn 
棚,shed, péng 
媚,flattering, mèi 
咽,pharynx, yān 
晃,shake, huǎng 
娟,Juan, juān 
跑,run, pǎo 
允,allow, yǔn 
襟,lapel, jīn 
留,Keep, liú 
量,quantity, liáng 
绀,purple, gàn 
剃,shave, tì 
吹,blow, chuī 
邻,adjacent, lín 
钻,to drill, zuān 
巴,#NAME?, bā 
浮,float, fú 
由,Depend on, yóu 
啜,sip, chuò 
辰,Chen, chén 
玻,glass, bō 
吸,Suck, xī 
罢,stop, bà 
叛,Rebel, pàn 
停,stop, tíng 
攀,climb, pān 
化,change, huà 
邹,Zou, zōu 
洪,flood, hóng 
捍,defend, hàn 
宜,should, yí 
仕,official, shì 
秆,stalk, gǎn 
跟,and, gēn 
轻,light, qīng 
撇,Skim, piē 
那,That, nà 
蛆,maggot, qū 
击,hit, jī 
堇,Sumire, jīn 
爸,dad, bà 
戴,wore, dài 
嘞,le, lei 
铲,shovel, chǎn 
从,from, cóng 
屁,fart, pì 
错,wrong, cuò 
希,hope, xī 
席,seats, xí 
掩,cover up, yǎn 
铸,to cast, zhù 
侨,Overseas Chinese, qiáo 
弃,abandoned, qì 
秧,seedling, yāng 
佛,Buddha, fó 
拢,close, lǒng 
扭,twist, niǔ 
妆,makeup, zhuāng 
佣,commission, yōng 
啦,La, lB 
丙,C, bǐng 
寺,temple, sì 
赎,redemption, shú 
呗,chant, bei 
萃,extract, cuì 
箭,arrow, jiàn 
吠,bark, fèi 
鲸,whale, jīng 
咬,bite, yǎo 
锻,forging, duàn 
镰,sickle, lián 
嘀,beep, dí 
音,sound, yīn 
惧,fear, jù 
嗣,Heir, sì 
时,Time, shí 
移,shift, yí 
熄,put out, xī 
擂,beat, léi 
彷,to imitate, páng 
忍,Tolerate, rěn 
岸,shore, àn 
诡,sly, guǐ 
脸,Face, liǎn 
田,field, tián 
罕,rare, hǎn 
探,Explore, tàn 
智,wisdom, zhì 
跩,swagger, wěi 
察,observe, chá 
娑,whirling, suō 
布,cloth, bù 
佝,rickets, gōu 
学,study, xué 
厄,Er, è 
掬,skim, jū 
殇,sad, shāng 
醒,Awake, xǐng 
懂,Understand, dǒng 
瞌,sleepy, kē 
频,frequency, pín 
灵,spirit, líng 
茹,Ru, rú 
冥,deep, míng 
努,work hard, nǔ 
呀,ah, yā 
彿,Buddha, 彿 
蒋,Jiang, jiǎng 
噗,puff, pū 
霸,Tyrant, bà 
滤,filter, l锟斤拷 
曝,exposure, pù 
彼,he, bǐ 
樊,fan, fán 
蹈,dance, dǎo 
跤,wrestle, jiāo 
湾,bay, wān 
靖,Jing, jìng 
呢,Woolen cloth, ne 
下,Down, xià 
年,year, nián 
披,Phi, pī 
倘,if, tǎng 
甫,just, fǔ 
笨,stupid, bèn 
现,now, xiàn 
隔,every other, gé 
揭,reveal, jiē 
絮,fluff, xù 
囤,store, dùn 
钉,nail, dīng 
暇,leisure, xiá 
脊,ridge, jǐ 
愉,happy, yú 
豌,pea, wān 
醛,aldehyde, quán 
误,error, wù 
疮,sore, chuāng 
竖,vertical, shù 
屋,Room, wū 
丘,mound, qiū 
痔,hemorrhoid, zhì 
猴,monkey, hóu 
武,Wu, wǔ 
掖,tuck, yè 
桥,bridge, qiáo 
芬,Fern, fēn 
萎,wilt, wěi 
景,scene, jǐng 
怕,afraid, pà 
汪,Wang, wāng 
铭,Ming, míng 
藩,Fan, fān 
逆,inverse, nì 
赵,Zhao, zhào 
嬷,ma, mó 
糯,Waxy, nuò 
婶,aunt, shěn 
俯,bow down, fǔ 
东,East, dōng 
宵,night, xiāo 
酷,cool, kù 
伶,Ling, líng 
蛮,quite, mán 
袖,sleeve, xiù 
吐,threw up, tǔ 
违,Violate, wéi 
溶,dissolve, róng 
怠,lazy, dài 
瘘,fistula, lòu 
见,See, jiàn 
蔚,Wei, wèi 
高,high, gāo 
氰,Cyanide, qíng 
局,Bureau, jú 
详,detailed, xiáng 
同,same, tóng 
屡,repeatedly, l锟斤拷 
突,sudden, tū 
够,enough, gòu 
修,build, xiū 
梳,comb, shū 
断,broken, duàn 
绥,Sui, suí 
十,ten, shí 
窗,window, chuāng 
庙,temple, miào 
唸,read, 唸 
徽,emblem, huī 
邸,mansion, dǐ 
挂,hang, guà 
饮,drink, yǐn 
章,chapter, zhāng 
均,all, jūn 
光,Light, guāng 
佑,woo, yòu 
舆,Public opinion, yú 
效,effect, xiào 
窘,embarrassed, jiǒng 
振,vibration, zhèn 
柳,willow, liǔ 
磕,knock, kē 
翠,emerald, cuì 
躲,hide, duǒ 
定,Certainly, dìng 
滋,grow, zī 
争,fight, zhēng 
石,stone, shí 
桩,pile, zhuāng 
绿,green, lǜ 
游,tour, yóu 
宙,universe, zhòu 
愕,startled, è 
钜,Huge, jù 
昔,Xi, xī 
摊,booth, tān 
粽,Zong, zòng 
宅,House, zhái 
准,allow, zhǔn 
烧,burn, shāo 
阔,wide, kuò 
燥,dry, zào 
涂,painted, tú 
账,account, zhàng 
镣,shackles, liào 
煌,brilliant, huáng 
屐,clog, jī 
嗨,Hi, hāi 
鹈,pelican, tí 
严,strict, yán 
膏,paste, gāo 
黍,Millet, shǔ 
仓,warehouse, cāng 
皱,wrinkle, zhòu 
邢,Xing, xíng 
彪,Biao, biāo 
绊,trip, bàn 
侧,side, cè 
声,Voice, shēng 
谋,seek, móu 
蟹,crab, xiè 
唠,chatter, lào 
净,net, jìng 
戏,play, xì 
芝,Chiba, zhī 
令,make, líng 
半,Half, bàn 
境,territory, jìng 
共,common, gòng 
七,seven, qī 
杆,rod, gān 
擢,pull out, zhuó 
竞,competition, jìng 
继,following, jì 
害,Harmful, hài 
呎,feet, 呎 
徳,Germany, 徳 
窜,run away, cuàn 
具,Tool, jù 
溜,slip, liū 
展,exhibition, zhǎn 
含,contain, hán 
雍,Yong, yōng 
睑,eyelid, jiǎn 
柚,pomelo, yòu 
惨,awful, cǎn 
穗,ear, suì 
颖,Ying, yǐng 
嗖,Whoosh, sōu 
衣,Clothes, yī 
递,hand over, dì 
掼,beat, guàn 
历,calendar, lì 
负,burden, fù 
幼,young, yòu 
讫,finished, qì 
闭,close, bì 
挫,frustrated, cuò 
香,fragrant, xiāng 
保,Save, bǎo 
扇,fan, shàn 
羸,lean, léi 
朵,Blossom, duǒ 
灼,burning, zhuó 
撼,shake, hàn 
低,Low, dī 
喔,Oh, ō 
暧,Warm, ài 
女,Female, nǚ 
寿,life, shòu 
鲜,fresh, xiān 
玛,Ma, mǎ 
曹,cao, cáo 
卫,guard, wèi 
饿,hungry, è 
苗,Seedling, miáo 
蔽,shield, bì 
世,World, shì 
哽,choking, gěng 
带,bring, dài 
哎,Hey, āi 
嗷,Aww, áo 
予,give, yú 
骶,sacral, dǐ 
送,deliver, sòng 
恐,fear, kǒng 
恕,pardon, shù 
簿,book, bù 
丽,Korea, lì 
摁,Press, èn 
泉,spring, quán 
荫,shade, yīn 
斩,cut, zhǎn 
色,color, sè 
券,coupon, quàn 
夫,husband, fū 
壮,strong, zhuàng 
挟,hold, xié 
娶,marry, qǔ 
嘎,Ga, gā 
党,party, dǎng 
铂,platinum, bó 
略,slightly, l锟斤拷è 
莓,Berry, méi 
葵,sunflower, kuí 
浴,bath, yù 
痰,phlegm, tán 
识,knowledge, shí 
玑,Ji, jī 
爷,grandpa, yé 
罩,cover, zhào 
拮,antagonistic, jié 
剂,agent, jì 
逼,force, bī 
岔,fork, chà 
八,Eight, bā 
休,stop, xiū 
桂,Osmanthus, guì 
运,transport, yùn 
四,Four, sì 
勉,Mian, miǎn 
环,ring, huán 
巳,Si, sì 
雪,Snow, xuě 
或,or, huò 
枢,pivot, shū 
蹋,step on, tà 
倔,stubborn, jué 
嘟,beep, dū 
愿,willing, yuàn 
闷,stuffy, mèn 
遍,all over, biàn 
请,Please, qǐng 
辑,edit, jí 
满,Full, mǎn 
奚,Xi, xī 
撵,drive out, niǎn 
对,right, duì 
碎,broken, suì 
旁,beside, páng 
迟,Late, chí 
纳,accept, nà 
抗,anti-, kàng 
部,department, bù 
驼,camel, tuó 
兴,prosper, xīng 
钦,Chin, qīn 
邵,Shao, shào 
稿,draft, gǎo 
避,avoid, bì 
鹏,Peng, péng 
彻,thorough, chè 
估,estimate, gū 
框,frame, kuàng 
大,Big, dà 
组,Group, zǔ 
原,Original, yuán 
抵,arrived, dǐ 
炯,Jiong, jiǒng 
啧,Tsk, zé 
萨,sa, sà 
厚,thick, hòu 
露,dew, lù 
漏,leak, lòu 
销,pin, xiāo 
蝶,butterfly, dié 
专,Specialize, zhuān 
禄,salary, lù 
箫,flute, xiāo 
镗,boring, tāng 
慎,cautious, shèn 
触,touch, chù 
瞳,Hitomi, tóng 
挖,dig, wā 
松,loose, sōng 
太,too, tài 
逃,escape, táo 
桔,orange, jié 
窄,narrow, zhǎi 
全,Complete, quán 
巧,skillful, qiǎo 
悼,Mourning, dào 
紧,tight, jǐn 
殃,calamity, yāng 
嘲,ridicule, cháo 
凝,condensate, níng 
绒,velvet, róng 
蹉,wasted, cuō 
祝,wish, zhù 
榻,couch, tà 
蟒,python, mǎng 
怀,bosom, huái 
伏,Volt, fú 
裆,crotch, dāng 
粗,thick, cū 
邱,Qiu, qiū 
嘈,noisy, cáo 
纹,pattern, wén 
将,Will, jiāng 
厦,mansion, shà 
什,Varied, shén 
憎,Hate, zēng 
涓,trickle, juān 
接,catch, jiē 
贩,sell, fàn 
哨,post, shào 
勋,Hoon, xūn 
土,earth, tǔ 
杖,rod, zhàng 
毫,milliseconds, háo 
忿,angry, fèn 
拼,spell, pīn 
闾,Lu, l锟斤拷 
尸,corpse, shī 
片,piece, piàn 
励,reward, lì 
蝇,fly, yíng 
反,opposite, fǎn 
灾,disaster, zāi 
暖,warm, nuǎn 
峻,Jun, jùn 
腻,greasy, nì 
角,horn, jiǎo 
监,Supervise, jiān 
异,different, yì 
侃,Kan, kǎn 
倌,groom, guān 
欠,owe, qiàn 
啤,beer, pí 
架,shelf, jià 
滩,beach, tān 
倩,Qian, qiàn 
执,hold, zhí 
寅,Yin, yín 
纷,in succession, fēn 
萧,Xiao, xiāo 
哔,beep, bì 
宕,down, dàng 
扰,disturb, rǎo 
协,Association, xié 
掂,Weigh, diān 
迭,iterate, dié 
氧,oxygen, yǎng 
微,micro, wēi 
篷,canopy, péng 
扎,tie, zā 
奇,strange, qí 
挨,suffer, āi 
界,boundary, jiè 
沿,along, yán 
椰,coconut, yē 
仙,fairy, xiān 
佐,Zuo, zuǒ 
塘,pond, táng 
遐,ya, xiá 
涡,eddy, wō 
灰,Ash, huī 
担,bear, dān 
蚌,mussel, bàng 
苑,garden, yuàn 
峨,Elevator, é 
麝,musk deer, shè 
赤,red, chì 
胯,crotch, kuà 
浦,Pu, pǔ 
典,canon, diǎn 
猫,cat, māo 
赞,awesome, zàn 
赘,superfluous, zhuì 
库,library, kù 
德,Germany, dé 
永,forever, yǒng 
苍,Cang, cāng 
筛,screen, shāi 
砍,cut, kǎn 
妙,wonderful, miào 
孖,double, 孖 
没,No, méi 
炳,Bing, bǐng 
辨,identify, biàn 
矽,silicon, xī 
娃,baby, wá 
耀,shine, yào 
蓬,Peng, péng 
一,one, yī 
哭,cry, kū 
玉,Jade, yù 
淹,flooded, yān 
佩,wear, pèi 
悬,hanging, xuán 
旨,Purpose, zhǐ 
价,price, jià 
馏,distillation, liù 
粮,grain, liáng 
覆,cover, fù 
兼,cum, jiān 
姣,Jiao, jiāo 
蛇,snake, shé 
尹,Yin, yǐn 
焉,Yan, yān 
碧,Bi, bì 
谓,predicate, wèi 
跪,kneel, guì 
憨,silly, hān 
确,exactly, què 
踪,trace, zōng 
郝,Hao, hǎo 
兽,beast, shòu 
烤,bake, kǎo 
优,excellent, yōu 
户,household, hù 
嗡,buzz, wēng 
慈,Kindness, cí 
獒,mastiff, áo 
橱,cabinet, chú 
乏,tired, fá 
婊,prostitute, biǎo 
渣,slag, zhā 
后,back, hòu 
瞬,instant, shùn 
都,All, dū 
拟,imitate, nǐ 
杭,Hangzhou, háng 
去,go, qù 
俊,hansome, jùn 
庄,village, zhuāng 
毯,blanket, tǎn 
悴,sad, cuì 
肋,rib, lèi 
澈,Che, chè 
昴,Pleiades, mǎo 
感,sense, gǎn 
蛋,Egg, dàn 
整,all, zhěng 
履,shoe, l锟斤拷 
焖,stew, mèn 
驳,barge, bó 
韶,Shao, sháo 
钢,steel, gāng 
拗,bend, ǎo 
牌,Card, pái 
既,now that, jì 
贸,trade, mào 
冲,rush, chōng 
深,deep, shēn 
恶,evil, è 
败,defeat, bài 
乖,good, guāi 
狂,mad, kuáng 
熏,smoke, xūn 
逛,visit, guàng 
讶,be surprised, yà 
诅,curse, zǔ 
哼,Humph, hēng 
近,close, jìn 
翩,Pina, piān 
嘶,hiss, sī 
直,straight, zhí 
垮,collapse, kuǎ 
澳,Australia, ào 
汶,Wen, wèn 
穹,dome, qióng 
筒,cylinder, tǒng 
弘,Hiroshi, hóng 
胆,courage, dǎn 
恵,benefits, 恵 
些,some, xiē 
芸,Yun, yún 
射,shoot, shè 
检,check, jiǎn 
肉,Meat, ròu 
余,Remain, yú 
颇,quite, pō 
踩,step on, cǎi 
式,Mode, shì 
枷,flail, jiā 
糙,rough, cāo 
搽,paint on, chá 
茨,Ci, cí 
昭,Zhao, zhāo 
谢,Thanks, xiè 
辛,pungent, xīn 
敢,dare, gǎn 
笞,cane, chī 
外,outside, wài 
扬,Young, yáng 
煮,cook, zhǔ 
吓,scare, xià 
垫,pad, diàn 
青,green, qīng 
馨,Xin, xīn 
呯,bang, 呯 
菟,dodder, tù 
亮,Bright, liàng 
践,practice, jiàn 
秦,Qin, qín 
姗,Shan Shan, shān 
表,surface, biǎo 
磅,lb, bàng 
被,quilt, bèi 
管,Tube, guǎn 
嘭,Bang, pēng 
说,Say, shuō 
彦,Yan, yàn 
恺,Kay, kǎi 
装,Pack, zhuāng 
崽,cub, zǎi 
喃,murmur, nán 
勒,le, lè 
闹,noisy, nào 
钩,hook, gōu 
饥,hungry, jī 
新,new, xīn 
嚓,crack, cā 
迄,until, qì 
果,fruit, guǒ 
伟,great, wěi 
畦,plot, qí 
岁,age, suì 
种,kind, zhǒng 
唬,fool, hǔ 
议,discuss, yì 
菌,bacteria, jūn 
暨,cum, jì 
冷,cold, lěng 
渠,canal, qú 
晶,crystal, jīng 
捻,twist, niǎn 
薯,Yam, shǔ 
逐,by, zhú 
锋,front, fēng 
荨,nettle, qián 
豹,Leopard, bào 
插,insert, chā 
限,limit, xiàn 
句,sentence, jù 
冤,injustice, yuān 
熹,Xi, xī 
骑,ride, qí 
嚷,shout, rǎng 
义,righteous, yì 
鸠,dove, jiū 
靓,pretty, jìng 
筷,chopsticks, kuài 
键,key, jiàn 
吆,yell, yāo 
檫,sassafras, chá 
旦,dawn, dàn 
贾,Jia, jiǎ 
注,Note, zhù 
撩,tease, liāo 
虏,prisoner, lǔ 
究,study, jiū 
笃,beckoning, dǔ 
诹,pick, zōu 
圆,round, yuán 
河,river, hé 
苹,apple, píng 
串,string, chuàn 
订,order, dìng 
海,ocean, hǎi 
裂,crack, liè 
涨,rise, zhǎng 
曳,drag, yè 
凡,Where, fán 
屯,Tuen, tún 
俾,serve, bǐ 
坑,pit, kēng 
禁,ban, jīn 
砷,arsenic, shēn 
容,Allow, róng 
枣,date, zǎo 
巩,gong, gǒng 
始,beginning, shǐ 
车,car, chē 
署,Department, shǔ 
蒂,pedicle, dì 
咯,slightly, kǎ 
戒,quit, jiè 
匪,bandit, fěi 
催,reminder, cuī 
械,mechanical, xiè 
沈,Shen, shěn 
未,not yet, wèi 
语,language, yǔ 
淑,beautiful, shū 
抓,Grasp, zhuā 
和,and, hé 
芽,bud, yá 
桦,birch, huà 
郁,depressed, yù 
痹,paralysis, bì 
禅,Zen, chán 
咚,boom, dōng 
虔,pious, qián 
钛,titanium, tài 
纽,new, niǔ 
轿,Sedan, jiào 
制,system, zhì 
纯,pure, chún 
皮,Skin, pí 
瞧,look, qiáo 
悦,Joy, yuè 
陋,ugly, lòu 
裙,skirt, qún 
咩,baa, miē 
南,South, nán 
脚,foot, jiǎo 
字,Character, zì 
荆,thorn, jīng 
烁,sparkle, shuò 
取,Pick, qǔ 
捡,pick up, jiǎn 
欺,bully, qī 
翎,Ling, líng 
裕,Yu, yù 
件,pieces, jiàn 
阿,Ah, ā 
妍,Yan, yán 
能,can, néng 
司,manage, sī 
耙,rake, bà 
拈,pick up, niān 
唆,instigate, suō 
刹,brake, chà 
回,back, huí 
督,Governor, dū 
棵,tree, kē 
俱,all, jù 
死,die, sǐ 
之,Of, zhī 
黒,black, liào 
兕,兕, sì 
歹,bad, dǎi 
凳,stool, dèng 
讽,irony, fěng 
弋,Yi, yì 
笠,hat, lì 
寸,Inch, cùn 
晋,Jin, jìn 
怜,pity, lián 
偏,Partial, piān 
谦,humble, qiān 
讹,FALSE, é 
泪,tears, lèi 
锤,hammer, chuí 
脐,navel, qí 
店,shop, diàn 
峰,peak, fēng 
兹,hereby, zī 
坛,altar, tán 
索,Search, suǒ 
肯,Ken, kěn 
酩,Moe, mǐng 
楞,Leng, léng 
乎,Almost, hū 
怵,fear, chù 
诏,Edict, zhào 
芒,mango, máng 
龇,bare, zī 
痒,itch, yǎng 
蘑,mushroom, mó 
柑,Tangerine, gān 
昊,Hao, hào 
萍,Ping, píng 
甩,dump, shuǎi 
班,class, bān 
渎,ditch, dú 
则,but, zé 
恭,Christine, gōng 
丧,funeral, sāng 
苔,moss, tái 
蛟,Jiao, jiāo 
鞭,whip, biān 
袋,bag, dài 
鸣,Naruto, míng 
摄,photograph, shè 
乃,So, nǎi 
序,sequence, xù 
缔,association, dì 
货,goods, huò 
权,right, quán 
聆,hear, líng 
婆,Mother-in-law, pó 
洲,continent, zhōu 
熬,boil, āo 
偷,steal, tōu 
起,rise, qǐ 
裹,wrap, guǒ 
君,gentleman, jūn 
澡,bath, zǎo 
棱,edge, léng 
即,which is, jí 
慧,Wisdom, huì 
滨,coast, bīn 
殒,die, yǔn 
卒,pawn, zú 
擀,rolling, gǎn 
搜,Search, sōu 
素,white, sù 
拎,carry, līn 
渺,vague, miǎo 
方,square, fāng 
赌,bet, dǔ 
候,waiting, hòu 
伽,Gal, qié 
妻,wife, qī 
瘸,lame, qué 
厂,factory, chǎng 
细,thin, xì 
召,call, zhào 
蜗,snail, wō 
剜,cut out, wān 
神,god, shén 
强,powerful, qiáng 
垃,garbage, lā 
诊,diagnosis, zhěn 
匙,"key, spoon", chí 
窟,cave, kū 
徒,only, tú 
捏,pinch, niē 
弗,Fu, fú 
痴,insane, chī 
匝,turn, zā 
飚,Biao, biāo 
凰,phoenix, huáng 
岚,Lan, lán 
疾,disease, jí 
巻,volume, 巻 
腕,wrist, wàn 
崴,Wei, wǎi 
菅,Suga, jiān 
仇,hatred, chóu 
潘,Pan, pān 
参,ginseng, cān 
厕,toilet, cè 
杏,apricot, xìng 
缠,wrapped around, chán 
敖,Ao, áo 
竿,pole, gān 
眛,unobservant, 眛 
脂,fat, zhī 
纠,correct, jiū 
悟,realize, wù 
欢,joyous, huān 
扒,Grilled, bā 
傍,near, bàng 
付,pay, fù 
蘸,dip, zhàn 
赖,rely, lài 
赶,catch up, gǎn 
馋,greedy, chán 
率,Rate, shuài 
墩,pier, dūn 
逾,more than, yú 
阪,Ban, bǎn 
拄,Zhu, zhǔ 
荤,Meat, hūn 
癞,skin disease, lài 
盆,Bowl, pén 
材,material, cái 
黝,dark green, yǒu 
发,send, fā 
冢,mound, zhǒng 
完,Finish, wán 
稚,juvenile, zhì 
处,place, chǔ 
封,seal up, fēng 
积,product, jī 
荒,shortage, huāng 
阉,eunuch, yān 
志,Zhi, zhì 
驾,drive, jià 
垦,Ken, kěn 
怯,cowardly, qiè 
煎,fry, jiān 
场,field, cháng 
璞,Pu, pú 
涛,Tao, tāo 
辟,provide, bì 
踏,tread, tà 
殴,beat up, ōu 
雨,rain, yǔ 
业,industry, yè 
诶,Eh, ēi 
跳,Jump, tiào 
嗬,Whoa, hē 
禾,millet, hé 
琦,Qi, qí 
叮,Ding, dīng 
杪,the end, miǎo 
眷,concern, juàn 
媒,media, méi 
晟,Sheng, shèng 
哦,Oh, ó 
啵,pop, bo 
淀,precipitate, diàn 
沉,Shen, chén 
慌,Panic, huāng 
精,Refined, jīng 
纬,latitude, wěi 
狡,cunning, jiǎo 
电,Electricity, diàn 
梭,shuttle, suō 
籍,membership, jí 
夹,folder, jiā 
懈,negligent, xiè 
软,soft, ruǎn 
六,six, liù 
鳌,Ao, áo 
童,child, tóng 
圣,holy, shèng 
狠,ruthless, hěn 
蛾,moth, é 
巫,witch, wū 
鼾,snore, hān 
炙,broil, zhì 
釜,kettle, fǔ 
虐,abuse, n锟斤拷è 
押,bet, yā 
床,bed, chuáng 
悔,regret, huǐ 
馆,Pavilion, guǎn 
吱,squeak, zhī 
秤,scales, chèng 
辄,noir, zhé 
芳,fang, fāng 
芦,reed, lú 
纂,compile, zuǎn 
艳,colorful, yàn 
古,antiquity, gǔ 
态,state, tài 
瘤,tumor, liú 
碗,bowl, wǎn 
他,he, tā 
栅,grid, zhà 
躬,bow, gōng 
奠,lay down, diàn 
网,network, wǎng 
剖,section, pōu 
维,dimension, wéi 
勺,Spoon, sháo 
躺,lie, tǎng 
签,sign, qiān 
裘,fur, qiú 
情,Affection, qíng 
仄,narrow, zè 
刺,prick, cì 
匮,deficient, kuì 
剿,suppress, jiǎo 
锐,sharp, ruì 
私,private, sī 
炼,Refining, liàn 
矛,spear, máo 
药,medicine, yào 
谚,saying, yàn 
趋,trend, qū 
俄,Russian, é 
论,Argument, lùn 
针,Needle, zhēn 
繁,numerous, fán 
包,Bag, bāo 
程,Procedure, chéng 
商,business, shāng 
寻,Searching, xún 
梵,Vatican, fàn 
茶,Tea, chá 
妈,mom, mā 
仍,still, réng 
悃,sincere, kǔn 
锣,gong, luó 
委,Committee, wěi 
堂,Church, táng 
沫,foam, mò 
疲,tired, pí 
阀,valve, fá 
筐,basket, kuāng 
怒,angry, nù 
必,must, bì 
彭,peng, péng 
笆,fence, bā 
此,this, cǐ 
掷,throw, zhì 
湖,lake, hú 
蚊,mosquito, wén 
鸥,gull, ōu 
缀,embroidered, zhuì 
逞,show off, chěng 
亚,Asia, yà 
拔,pull, bá 
栏,column, lán 
猜,Guess, cāi 
踢,Kick, tī 
霍,Huo, huò 
耶,yeah, yé 
慨,generous, kǎi 
杠,bar, gàng 
红,red, hóng 
盛,Sheng, shèng 
尤,especially, yóu 
耐,Resistance, nài 
廷,ting, tíng 
乡,Township, xiāng 
家,Family, jiā 
眩,dizzy, xuàn 
谈,talk, tán 
税,Tax, shuì 
洞,Hole, dòng 
栓,bolt, shuān 
栽,plant, zāi 
筋,tendon, jīn 
盘,plate, pán 
辙,rut, zhé 
缺,lack, quē 
磨,grind, mó 
戮,kill, lù 
嬉,play, xī 
源,source, yuán 
亭,pavilion, tíng 
员,member, yuán 
驰,gallop, chí 
锭,ingot, dìng 
橘,orange, jú 
株,strain, zhū 
劳,labor, láo 
打,beat, dǎ 
寨,Walled, zhài 
号,No, hào 
晏,Yan, yàn 
蒲,cattail, pú 
赫,heck, hè 
邦,state, bāng 
偶,I, ǒu 
米,Meter, mǐ 
骨,bone, gǔ 
竺,Zhu, zhú 
淡,light, dàn 
票,ticket, piào 
嫩,tender, nèn 
膛,bore, táng 
陪,accompany, péi 
阜,Fu, fù 
耻,shame, chǐ 
毒,poison, dú 
拨,dial, bō 
庵,nunnery, ān 
今,this, jīn 
剌,prick, là 
褒,praise, bǎo 
蓝,blue, lán 
医,medical, yī 
肠,intestinal, cháng 
府,government, fǔ 
认,recognize, rèn 
极,pole, jí 
狐,fox, hú 
岐,Qi, qí 
忘,forget, wàng 
吴,Wu, wú 
甲,First, jiǎ 
盗,steal, dào 
柴,firewood, chái 
像,picture, xiàng 
寇,Kou, kòu 
疗,therapy, liáo 
扑,flutter, pū 
奋,Fen, fèn 
征,sign, zhēng 
迈,Mai, mài 
簇,cluster, cù 
猪,pig, zhū 
页,Page, yè 
棠,Tang, táng 
获,won, huò 
叶,leaf, yè 
径,path, jìng 
泻,diarrhea, xiè 
节,Festival, jié 
无,none, wú 
衰,decline, shuāi 
以,by, yǐ 
弄,alley, nòng 
震,shock, zhèn 
姬,Ji, jī 
杯,cup, bēi 
匆,hasty, cōng 
抖,shake, dǒu 
拿,take, ná 
验,test, yàn 
轧,rolling, yà 
顶,top, dǐng 
急,urgent, jí 
荼,tea, tú 
初,early, chū 
叠,stack, dié 
缪,Miao, móu 
每,Every, měi 
劈,hack, pī 
玫,rose, méi 
釉,glaze, yòu 
孪,twin, luán 
柱,column, zhù 
辣,hot, là 
帐,account, zhàng 
贞,Chastity, zhēn 
险,risk, xiǎn 
猩,ape, xīng 
拥,Own, yōng 
伺,wait, sì 
腊,wax, xī 
况,condition, kuàng 
级,class, jí 
锈,rust, xiù 
丝,Silk, sī 
牛,Cattle, niú 
亿,100 million, yì 
凑,make up, còu 
鳞,scale, lín 
玷,blemish, diàn 
内,Inside, nèi 
窑,kiln, yáo 
趾,toe, zhǐ 
筹,raise, chóu 
睇,watch, dì 
通,Pass, tōng 
重,Heavy, zhòng 
苏,Sue, sū 
译,translate, yì 
圈,lock up, quān 
萤,firefly, yíng 
甥,nephew, shēng 
酥,Crisp, sū 
撅,stick up, juē 
冠,crown, guān 
坝,dam, bà 
攘,throw into confusion, rǎng 
它,it, tā 
锅,pot, guō 
侈,extravagant, chǐ 
蛹,pupa, yǒng 
忠,loyal, zhōng 
佗,Tuo, tuó 
蕉,banana, jiāo 
泅,submerge, qiú 
蒸,Steam, zhēng 
辗,rolling, zhǎn 
伸,stretch, shēn 
弑,kill, shì 
遮,cover, zhē 
寂,lonely, jì 
明,Bright, míng 
墨,ink, mò 
碟,dish, dié 
缘,edge, yuán 
绑,tie, bǎng 
晕,gosh, yùn 
士,scholar, shì 
遥,remote, yáo 
著,write, zhù 
减,reduce, jiǎn 
区,Area, qū 
谬,absurd, miù 
掀,lift, xiān 
队,team, duì 
砂,sand, shā 
疵,defect, cī 
视,See, shì 
长,long, cháng 
绯,Crimson, fēi 
橇,skid, qiāo 
铆,riveting, mǎo 
卑,humble, bēi 
鼬,Ferret, yòu 
婴,infant, yīng 
抽,smoke, chōu 
扯,pull, chě 
绰,Chuo, chuò 
帘,curtain, lián 
膜,membrane, mó 
贵,expensive, guì 
篱,fence, lí 
批,batch, pī 
帖,post, tiè 
黏,sticky, nián 
铝,aluminum, l锟斤拷 
沟,ditch, gōu 
嗑,Nibbling, kē 
倒,fall, dǎo 
盼,look forward to, pàn 
肛,anus, gāng 
房,house, fáng 
娄,Lou, lóu 
膳,meal, shàn 
唯,only, wéi 
考,Test, kǎo 
室,room, shì 
糟,bad, zāo 
几,Several, jī 
状,shape, zhuàng 
啪,Snapped, pā 
鱼,fish, yú 
皂,soap, zào 
逝,passed away, shì 
祖,ancestor, zǔ 
罚,fine, fá 
喇,La, lǎ 
肽,peptide, tài 
观,view, guān 
扼,hold back, è 
孔,hole, kǒng 
毋,not, wú 
耍,to play, shuǎ 
虎,Tiger, hǔ 
倦,tired, juàn 
雾,fog, wù 
已,already, yǐ 
根,root, gēn 
塞,stuffed, sāi 
惹,provoke, rě 
骗,cheat, piàn 
哉,Zai, zāi 
卧,lie down, wò 
辱,disgrace, rǔ 
作,do, zuò 
阶,order, jiē 
树,Tree, shù 
捂,cover up, wǔ 
膨,swell, péng 
息,interest, xī 
闻,smell, wén 
醇,alcohol, chún 
墙,wall, qiáng 
糸,Shito, mì 
茄,eggplant, qié 
捣,pound, dǎo 
采,Pick, cǎi 
浑,muddy, hún 
酬,remuneration, chóu 
告,tell, gào 
侯,Hou, hóu 
呼,call, hū 
炸,fry, zhà 
扔,Throw, rēng 
降,drop, jiàng 
窍,orifice, qiào 
妥,proper, tuǒ 
埸,field, yì 
弓,bow, gōng 
闪,flash, shǎn 
娇,Jiao, jiāo 
壕,trench, háo 
腌,pickled, yān 
查,check, chá 
鳖,turtle, biē 
食,Food, shí 
依,according to, yī 
托,support, tuō 
右,right, yòu 
璧,Bi, bì 
教,teach, jiào 
掌,palm, zhǎng 
洁,clean, jié 
艺,art, yì 
剥,peel, bāo 
呵,Ah, hē 
琳,Lin, lín 
且,and, qiě 
津,Tianjin, jīn 
屉,drawer, tì 
蹭,rub, cèng 
需,need, xū 
隽,Jun, jùn 
警,police, jǐng 
鹅,Goose, é 
先,First, xiān 
咦,what, yí 
推,push, tuī 
盈,surplus, yíng 
梁,beam, liáng 
合,combine, hé 
超,overtake, chāo 
膊,shoulder, bó 
符,symbol, fú 
品,Taste, pǐn 
芭,Baba, bā 
叁,three, sān 
恍,indistinct, huǎng 
里,inside, lǐ 
舔,lick, tiǎn 
虚,imaginary, xū 
沁,Qin, qìn 
巷,lane, xiàng 
块,piece, kuài 
痘,smallpox, dòu 
铺,shop, pū 
呷,sip, xiā 
挪,move, nuó 
祇,Only, 祇 
靡,extravagant, mí 
便,will, biàn 
谐,harmony, xié 
癖,addiction, pǐ 
蟠,coil, pán 
稠,thick, chóu 
距,distance, jù 
杰,Jay, jié 
结,Knot, jié 
炕,kang, kàng 
洗,wash, xǐ 
个,individual, gè 
乐,happy, lè 
姐,sister, jiě 
试,try, shì 
做,Do, zuò 
厉,severe, lì 
嗝,belch, gé 
尔,you, ěr 
哥,elder brother, gē 
峭,steep, qiào 
奶,Milk, nǎi 
稣,Jesus, sū 
壶,pot, hú 
琉,Ryu, liú 
襄,Xiang, xiāng 
歉,apologize, qiàn 
际,occasional, jì 
入,enter, rù 
耨,hoe, nòu 
御,royal, yù 
若,like, ruò 
活,live, huó 
除,remove, chú 
酱,Sauce, jiàng 
项,item, xiàng 
顾,Gu, gù 
赚,earn, zhuàn 
贝,cowry, bèi 
钙,calcium, gài 
铐,handcuffs, kào 
祸,disaster, huò 
锦,brocade, jǐn 
访,visit, fǎng 
诞,birth, dàn 
霄,the sky, xiāo 
甘,sweet, gān 
底,end, dǐ 
篓,basket, lǒu 
莱,lai, lái 
侍,serve, shì 
噎,choke, yē 
赏,reward, shǎng 
赊,buy on credit, shē 
枝,branch, zhī 
浣,raccoon, huàn 
饕,gluttonous, tāo 
亩,mu, mǔ 
旭,Asahi, xù 
变,Change, biàn 
堵,Blocking, dǔ 
宿,place to stay, sù 
喻,Metaphor, yù 
迎,welcome, yíng 
宝,precious, bǎo 
陶,pottery, táo 
娥,Chang'e, é 
特,special, tè 
枚,pieces, méi 
科,division, kē 
难,Disaster, nán 
决,decision, jué 
扳,pull, bān 
仰,look up, yǎng 
谜,puzzle, mí 
旧,old, jiù 
撂,put down, liào 
掴,slap, guāi 
笛,flute, dí 
疱,blister, pào 
暗,dark, àn 
普,general, pǔ 
抢,grab, qiǎng 
碑,monument, bēi 
漾,Ripple, yàng 
与,and, yǔ 
须,Mustache, xū 
华,magnificent, huá 
嗅,sniff, xiù 
骏,Jun, jùn 
庭,court, tíng 
臀,hip, tún 
舰,ship, jiàn 
孕,pregnant, yùn 
州,State, zhōu 
飞,fly, fēi 
责,responsibility, zé 
瞄,aim, miáo 
命,Life, mìng 
念,read, niàn 
迅,fast, xùn 
棘,spine, jí 
宣,declared, xuān 
亡,Death, wáng 
障,barrier, zhàng 
翰,John, hàn 
殿,temple, diàn 
犹,still, yóu 
民,civil, mín 
挽,pull, wǎn 
婉,Wan, wǎn 
雷,thunder, léi 
铜,copper, tóng 
颗,grain, kē 
波,Wave, bō 
巅,peak, diān 
何,what, hé 
川,Sichuan, chuān 
退,retreat, tuì 
炎,inflammation, yán 
嘣,bang, bēng 
正,just, zhèng 
矢,arrow, shǐ 
络,network, luò 
趣,interest, qù 
伴,with, bàn 
缉,arrest, jī 
寐,sleep soundly, mèi 
排,Row, pái 
薰,Kaoru, xūn 
因,because, yīn 
昌,Chang, chāng 
黑,black, hēi 
治,rule, zhì 
撸,masturbate, lū 
柔,soft, róu 
绩,achievements, jì 
仅,only, jǐn 
颜,color, yán 
亨,Heng, hēng 
但,but, dàn 
响,ring, xiǎng 
妲,Da, dá 
眯,squint, mī 
嗜,addiction, shì 
侄,nephew, zhí 
校,school, xiào 
侦,detect, zhēn 
顷,are, qǐng 
蛤,Clam, gé 
狄,Di, dí 
蹙,frown, cù 
掣,switch, chè 
疼,pain, téng 
液,liquid, yè 
位,bit, wèi 
称,say, chēng 
蹲,squat, dūn 
艇,boat, tǐng 
玲,Ling, líng 
动,verb: move, dòng 
婚,marriage, hūn 
慢,slow, màn 
辖,Jurisdiction, xiá 
郊,outskirts, jiāo 
驭,control, yù 
誓,oath, shì 
廖,liao, liào 
犬,dog, quǎn 
所,Place, suǒ 
刃,blade, rèn 
聋,deaf, lóng 
陡,steep, dǒu 
捅,poke, tǒng 
母,mother, mǔ 
众,public, zhòng 
菊,chrysanthemum, jú 
拐,abduct, guǎi 
翘,Alice, qiáo 
越,cross, yuè 
臼,mortar, jiù 
宇,Yu, yǔ 
胞,cell, bāo 
法,Law, fǎ 
兔,rabbit, tù 
愤,anger, fèn 
瘟,plague, wēn 
五,five, wǔ 
钥,key, yuè 
漂,drift, piāo 
慕,Mu, mù 
杨,Young, yáng 
吏,officials, lì 
野,wild, yě 
酒,liquor, jiǔ 
壤,the soil, rǎng 
锡,tin, xī 
小,Small, xiǎo 
公,male, gōng 
足,foot, zú 
癫,Epilepsy, diān 
售,sell, shòu 
狼,Wolf, láng 
鲭,mackerel, qīng 
攒,save, zǎn 
出,out, chū 
火,fire, huǒ 
藏,Tibetan, cáng 
氟,fluorine, fú 
腋,Armpit, yè 
富,rich, fù 
属,belongs to, shǔ 
辆,vehicle, liàng 
卤,halogen, lǔ 
朔,Shuo, shuò 
登,board, dēng 
仿,to imitate, fǎng 
羊,sheep, yáng 
压,to press, yā 
揣,surmise, chuǎi 
椅,chair, yǐ 
钱,money, qián 
侵,invade, qīn 
档,files, dàng 
玄,mysterious, xuán 
巾,towel, jīn 
扫,sweep, sǎo 
爹,father, diē 
挞,the tart, tà 
谩,谢, mán 
宴,feast, yàn 
蚕,silkworm, cán 
塔,tower, tǎ 
症,disease, zhèng 
搬,move, bān 
刨,plane, páo 
伐,cutting, fá 
惊,shock, jīng 
衡,balance, héng 
摆,put, bǎi 
盏,cup, zhǎn 
坠,fall, zhuì 
借,borrow, jiè 
琛,Chen, chēn 
更,Even, gēng 
骚,Sao, sāo 
硬,hard, yìng 
农,farming, nóng 
美,nice, měi 
救,save, jiù 
栖,perch, qī 
薪,salary, xīn 
孟,Meng, mèng 
龟,turtle, guī 
磁,magnetic, cí 
职,position, zhí 
倚,lean on, yǐ 
酸,acid, suān 
竟,actually, jìng 
帮,help, bāng 
敛,hold back, liǎn 
枉,in vain, wǎng 
掟,throw, 掟 
麻,numb, má 
丛,clump, cóng 
恼,angry, nǎo 
话,talk, huà 
纪,discipline, jì 
擦,wipe, cā 
愣,stupefied, lèng 
附,attached, fù 
航,sail, háng 
构,structure, gòu 
虽,although, suī 
悠,leisurely, yōu 
尴,embarrassed, gān 
我,I, wǒ 
支,branch, zhī 
中,middle, zhōng 
巡,patrol, xún 
葛,Ge, gé 
咕,Goo, gū 
袅,delicate, niǎo 
挤,squeeze, jǐ 
柠,lemon, níng 
油,Oil, yóu 
两,two, liǎng 
改,change, gǎi 
人,people, rén 
嗤,laugh, chī 
军,military, jūn 
钧,Jun, jūn 
各,each, gè 
名,name, míng 
茂,Mao, mào 
门,Door, mén 
按,according to, àn 
夏,summer, xià 
苯,benzene, běn 
郭,Guo, guō 
叩,knock, kòu 
滥,indiscriminate, làn 
抹,wipe, mǒ 
畸,abnormal, jī 
泥,mud, ní 
兰,orchid, lán 
持,hold, chí 
计,count, jì 
郡,county, jùn 
散,scattered, sàn 
艮,Gen, gèn 
皇,Emperor, huáng 
坟,grave, fén 
阻,block, zǔ 
阑,roundabout, lán 
喝,drink, hē 
辅,auxiliary, fǔ 
嫁,marry, jià 
斥,reprimand, chì 
掘,dig, jué 
叽,grumble, jī 
虞,Yu, yú 
噫,Alas, yī 
诽,slander, fěi 
诸,various, zhū 
狙,spy, jū 
杂,miscellaneous, zá 
基,base, jī 
堪,worthy, kān 
敞,open, chǎng 
寓,apartment, yù 
览,Browse, lǎn 
叱,scold, chì 
帝,emperor, dì 
廿,Twenty, niàn 
翻,turn, fān 
用,use, yòng 
储,reserve, chǔ 
苇,reed, wěi 
嚄,嚄, 嚄 
设,Assume, shè 
紫,purple, zǐ 
膝,knee, xī 
喜,happiness, xǐ 
歌,Song, gē 
嗯,Um, ēn
报,report, bào 
棒,Great, bàng 
舱,cabin, cāng 
舌,tongue, shé 
蜜,honey, mì 
蜀,Shu, shǔ 
谎,lie, huǎng 
盐,Salt, yán 
询,inquire, xún 
垂,hang down, chuí 
杀,kill, shā 
寞,lonely, mò 
碌,busy, lù 
吻,kiss, wěn 
疯,Crazy, fēng 
升,Lift, shēng 
庸,Yong, yōng 
沪,Shanghai, hù 
滞,stagnant, zhì 
铢,baht, zhū 
横,horizontal, héng 
泓,Hong, hóng 
体,body, tǐ 
幅,piece, fú 
纸,Paper, zhǐ 
伞,umbrella, sǎn 
镀,plating, dù 
挺,quite, tǐng 
闯,break into, chuǎng 
届,session, jiè 
匠,Carpenter, jiàng 
禹,Yu, yǔ 
套,set, tào 
湿,wet, shī 
数,number, shù 
怖,terror, bù 
傲,proud, ào 
藉,borrow, jiè 
锁,Lock, suǒ 
亏,deficit, kuī 
赴,go, fù 
醋,vinegar, cù 
贤,Xian, xián 
许,May, xǔ 
竹,bamboo, zhú 
冒,risk, mào 
袍,robe, páo 
碰,bump, pèng 
奥,Oh, ào 
帆,sail, fān 
莺,warbler, yīng 
丈,Husband, zhàng 
往,Past, wǎng 
友,friend, yǒu 
冶,smelting, yě 
噢,Oh, ō 
裤,pants, kù 
増,increase, 増 
了,up, liǎo 
箱,box, xiāng 
泣,weep, qì 
厌,hate, yàn 
诓,deceive, kuāng 
铛,clang, dāng 
尘,dust, chén 
孽,evil, niè 
嬴,win, yíng 
祺,Qi, qí 
姝,Shu, shū 
辍,cease, chuò 
替,for, tì 
煨,simmer, wēi 
哄,coax, hōng 
坊,Square, fāng 
丫,Ya, yā 
月,moon, yuè 
港,port, gǎng 
路,road, lù 
宾,guest, bīn 
飘,With the wind, piāo 
眨,blink, zhǎ 
瞅,look, chǒu 
歇,rest, xiē 
得,have to, dé 
耳,Ear, ěr 
跛,lame, bǒ 
印,print, yìn 
刚,Just, gāng 
渝,Chongqing, yú 
牧,animal husbandry, mù 
跃,jump, yuè 
喋,chatter, dié 
慷,generous, kāng 
授,grant, shòu 
诫,commandment, jiè 
鼻,nose, bí 
复,complex, fù 
洽,contact, qià 
奴,slave, nú 
戸,household, hù
焗,Baked, 焗 
耗,consumption, hào 
熟,cooked, shú 
团,group, tuán 
居,live in, jū 
陀,Tuo, tuó 
惩,punish, chěng 
然,However, rán 
泄,vent, xiè 
衔,title, xián 
而,and, ér 
康,Kang, kāng 
佰,Bai, bǎi 
伍,Wu, wǔ 
吭,throat, háng 
庆,celebrating, qìng 
鹳,stork, guàn 
谍,spy, dié 
趟,trip, tàng 
沢,Sawa, 沢 
蕊,pistil, ruǐ 
冗,redundant, rǒng 
鬼,ghost, guǐ 
旅,trip, lǚ 
敦,dun, dūn 
适,suitable, shì 
郑,Zheng, zhèng 
躯,torso, qū 
奎,Kui, kuí 
轰,boom, hōng 
韵,rhyme, yùn 
纲,outlining, gāng 
辈,generation, bèi 
危,dangerous, wēi 
己,already, jǐ 
噪,noise, zào 
猛,fierce, měng 
淳,Chun, chún 
蚂,ant, mǎ 
少,few, shǎo 
刁,carry, diāo 
艘,ship, sōu 
贯,run through, guàn 
逗,tease, dòu 
涅,nirvana, niè 
好,good, hǎo 
唇,lip, chún 
番,fan, fān 
买,purchase, mǎi 
返,return, fǎn 
为,for, wéi 
唐,Tang, táng 
腾,Teng, téng 
募,raise, mù 
阅,read, yuè 
器,device, qì 
抱,hug, bào 
毁,destroy, huǐ 
向,Towards, xiàng 
兄,brother, xiōng 
凌,Ling, líng 
绷,stretch, bēng 
嘤,hum, yīng 
羽,feather, yǔ 
意,meaning, yì 
抄,copy, chāo 
榜,list, bǎng 
某,certain, mǒu 
袭,attack, xí 
哇,Wow, wā 
祭,sacrifice, jì 
笙,Sheng, shēng 
造,make, zào 
拣,pick, jiǎn 
善,good, shàn 
棋,chess, qí 
遇,encounter, yù 
阮,Nguyen, ruǎn 
撮,pinch, cuō 
服,Clothes, fú 
沙,sand, shā 
蓟,thistle, jì 
肌,muscle, jī 
帧,frame, zhēn 
蚤,flea, zǎo 
很,very, hěn 
凤,phoenix, fèng 
购,purchase, gòu 
嘿,Hey, hēi 
文,arts, wén 
址,site, zhǐ 
萝,radish, luó 
桌,table, zhuō 
格,grid, gé 
遣,send, qiǎn 
宏,macro, hóng 
厥,Jue, jué 
兵,soldiers, bīng 
帅,handsome, shuài 
辩,debate, biàn 
桶,bucket, tǒng 
颚,jaw, è 
演,play, yǎn 
厘,centimeters, lí 
嚎,howl, háo 
读,read, dú 
落,fall, luò 
茗,tea, míng 
性,sex, xìng 
静,quiet, jìng 
画,painting, huà 
吋,Inches, 吋 
坎,Hom, kǎn 
痣,mole, zhì 
禽,birds, qín 
耿,Geng, gěng 
狱,prison, yù 
宽,width, kuān 
闰,leap, rùn 
瓜,melon, guā 
茅,Mao, máo 
吾,I, wú 
芜,Wu, wú 
摩,Mount, mó 
睡,sleep, shuì 
申,state, shēn 
锑,antimony, tī 
叼,Diao, diāo 
头,head, tóu 
眶,Orbital, kuàng 
霜,Frost, shuāng 
疏,sparse, shū 
撑,support, chēng 
住,live, zhù 
忾,anger, kài 
蜘,spider, zhī 
隅,corner, yú 
客,guest, kè 
晌,noon, shǎng 
奖,prize, jiǎng 
囡,nan, nān 
聪,Satoshi, cōng 
疤,scar, bā 
茵,Yin, yīn 
立,stand, lì 
版,Version, bǎn 
梦,Dream, mèng 
渔,fish, yú 
徐,Xu, xú 
范,fan, fàn 
魔,magic, mó 
嘴,mouth, zuǐ 
份,share, fèn 
揉,rub, róu 
阳,Positive, yáng 
遏,stop, è 
映,reflect, yìng 
污,Sewage, wū 
兜,pocket, dōu 
斐,Fiji, fēi 
骤,step, zhòu 
英,Britain, yīng 
摒,abandon, bìng 
轴,axis, zhóu 
诗,poetry, shī 
研,research, yán 
手,hand, shǒu 
盹,nap, dǔn 
藻,algae, zǎo 
挣,earn, zhèng 
锂,lithium, lǐ 
脉,pulse, mài 
荧,fluorescent, yíng 
泱,great, yāng 
獭,otter, tǎ 
赛,game, sài 
皋,Gao, gāo 
汰,Eliminate, tài 
昏,faint, hūn 
阁,Court, gé 
溅,splash, jiàn 
儿,Son, ér 
刘,liu, liú 
涵,culvert, hán 
二,two, èr 
堕,fall, duò 
遗,leave, yí 
彤,Tong, tóng 
魅,charm, mèi 
茱,Zhu, zhū 
惑,confused, huò 
第,No., dì 
消,remove, xiāo 
凯,Kay, kǎi 
综,Comprehensive, zōng 
芹,Celery, qín 
受,by, shòu 
夕,Xi, xī 
携,carry, xié 
培,train, péi 
贺,congratulations, hè 
薇,Wei, wēi 
桃,Peach, táo 
迁,move, qiān 
北,north, běi 
纵,vertical, zòng 
魄,soul, pò 
寒,cold, hán 
端,end, duān 
丁,Ding, dīng 
滑,slip, huá 
舅,uncle, jiù 
胃,Stomach, wèi 
蔬,vegetable, shū 
嗔,angry, chēn 
虫,insect, chóng 
朕,I, zhèn 
鄙,rustic, bǐ 
胰,pancreatic, yí 
伪,fake, wěi 
马,horse, mǎ 
喀,click, kā 
瞻,Looking forward, zhān 
沃,fertile, wò 
臭,Smelly, chòu 
雀,bird, què 
咱,we, zán 
瓷,porcelain, cí 
钾,Potassium, jiǎ 
泌,secrete, mì 
炊,Cooking, chuī 
鲲,kun, kūn 
谁,Who, shuí 
课,class, kè 
擅,good at, shàn 
麦,wheat, mài 
瑞,Rui, ruì 
谀,flatter, yú 
脯,breast, fǔ 
牡,male, mǔ 
焕,Huan, huàn 
佯,pretend, yáng 
残,Disabled, cán 
泡,Bubble, pào 
歧,Disagreement, qí 
皓,Hao, hào 
浅,shallow, qiǎn 
耕,plow, gēng 
盅,cup, zhōng 
槽,groove, cáo 
豁,exempt, huō 
目,head, mù 
步,step, bù 
澎,Peng, péng 
诵,recite, sòng 
溢,overflow, yì 
仆,servant, pū 
浸,dip, jìn 
菸,cigarette, yān 
笼,cage, lóng 
荟,Hui, huì 
喵,Meow, miāo 
老,old, lǎo 
恰,just, qià 
犀,Rhinoceros, xī 
捕,catch, bǔ 
饺,dumpling, jiǎo 
植,plant, zhí 
术,surgery, shù 
蜂,bee, fēng 
敷,apply, fū 
馍,steamed bun, mó 
驻,in, zhù 
绅,gentry, shēn 
坯,billet, pī 
膘,fat, biāo 
政,politics, zhèng 
忌,avoid, jì 
燻,smoke, 燻 
久,Long, jiǔ 
晾,air, liàng 
贼,thief, zéi 
卢,Lu, lú 
漫,diffuse, màn 
经,through, jīng 
测,Measurement, cè 
祗,only, zhī 
速,speed, sù 
灿,brilliant, càn 
捷,fast, jié 
桑,mulberry, sāng 
驮,pack, tuó 
踱,pace, duó 
羯,Capricornus, jié 
悍,fierce, hàn 
寝,sleep, qǐn 
脏,dirty, zàng 
窃,steal, qiè 
泠,cold, líng 
孝,filial piety, xiào 
钵,bowl, bō 
旷,Kuang, kuàng 
俺,I, ǎn 
篇,articles, piān 
碾,grind, niǎn 
碍,hinder, ài 
胥,Xu, xū 
瞎,blind, xiā 
馅,filling, xiàn 
例,example, lì 
斜,incline, xié 
甜,sweet, tián 
逊,Xun, xùn 
迷,fan, mí 
辫,braid, biàn 
匀,uniform, yún 
任,appoint, rèn 
咻,call out, xiū 
锄,hoe, chú 
问,ask, wèn 
鸿,Hung, hóng 
韩,Korea, hán 
汝,Ru, rǔ 
鞠,Ju, jū 
哈,what, hā 
靶,target, bǎ 
滚,roll, gǔn 
元,Yuan, yuán 
夭,tender, yāo 
资,capital, zī 
伯,Uncle, bó 
乞,begging, qǐ 
宫,palace, gōng 
捧,holding, pěng 
掐,pinch, qiā 
嘻,laugh, xī 
诈,fraudulent, zhà 
债,debt, zhài 
选,select, xuǎn 
盂,bowl, yú 
偌,Ruo, ruò 
别,do not, bié 
娣,di, dì 
吮,suck, shǔn 
锯,saw, jù 
奉,Bless, fèng 
图,picture, tú 
肖,resemble, xiāo 
呱,croak, guā 
幻,magical, huàn 
尿,Urine, niào 
铿,clang, kēng 
吼,Roar, hǒu 
助,help, zhù 
悲,sad, bēi 
埠,port, bù 
楠,Nan, nán 
恨,hatred, hèn 
聚,get together, jù 
堆,heap, duī 
师,division, shī 
遵,obey, zūn 
壬,Ren, rén 
盟,Alliance, méng 
广,wide, guǎng 
塑,plastic, sù 
般,so-so, bān 
菜,vegetable, cài 
讼,Litigation, sòng 
窿,hole, lóng 
晓,dawn, xiǎo 
鸭,duck, yā 
圭,Kyu, guī 
祢,You, mí 
埔,Po, pǔ 
隆,Long, lóng 
趴,lie, pā 
赃,booty, zāng 
饰,decorated, shì 
岑,Cen, cén 
煤,coal, méi 
胖,fat, pàng 
瞥,glance, piē 
样,Sample, yàng 
拓,expand, tuò 
搞,engage in, gǎo 
点,point, diǎn 
孛,Bo, bèi 
城,city, chéng 
尽,as much as possible, jìn 
呈,presented, chéng 
闵,min, mǐn 
拂,brush, fú 
实,Reality, shí 
俏,pretty, qiào 
切,cut, qiē 
解,untie, jiě 
患,suffer from, huàn 
曰,say, yuē 
廊,gallery, láng 
吨,Ton, dūn 
理,reason, lǐ 
芮,Rui, ruì 
折,fold, zhē 
鹤,crane, hè 
肥,Fat, féi 
畏,fear, wèi 
差,Difference, chà 
咋,what, zhà 
要,want, yào 
凹,concave, āo 
财,fiscal, cái 
喳,twitter, zhā 
养,keep, yǎng 
呆,stay, dāi 
砖,brick, zhuān 
柒,seven, qī 
朗,Long, lǎng 
驱,drive, qū 
百,Hundred, bǎi 
井,well, jǐng 
檀,sandalwood, tán 
颈,neck, jǐng 
苟,Gou, gǒu 
淤,silt, yū 
珉,Min, mín 
冈,Oka, gāng 
码,code, mǎ 
座,seat, zuò 
缸,cylinder, gāng 
条,strip, tiáo 
抑,suppress, yì 
匡,Kuang, kuāng 
浆,pulp, jiāng 
拦,bar, lán 
看,Look, kàn 
绪,thread, xù 
倭,Japanese, wō 
瓣,valve, bàn 
尖,tip, jiān 
菱,water chestnut, líng 
袜,socks, wà 
扁,flat, biǎn 
介,between, jiè 
吉,lucky, jí 
桀,Jie, jié 
让,Let, ràng 
槃,the nirvana, 槃 
茜,Akane, qiàn 
钒,vanadium, fán 
子,son, zǐ 
稽,censor, jī 
胶,glue, jiāo 
诚,sincerity, chéng 
派,group, pài 
球,ball, qiú 
供,for, gōng 
伙,Partner, huǒ 
甸,Dian, diàn 
崎,rugged, qí 
煽,fan, shān 
忧,worry, yōu 
充,Charge, chōng 
崖,cliff, yá 
攻,attack, gōng 
沦,perish, lún 
雅,elegant, yǎ 
使,Make, shǐ 
饲,feed, sì 
溯,trace back, sù 
暑,heat, shǔ 
奏,play, zòu 
俑,figurines, yǒng 
核,nuclear, hé 
遂,then, suì 
葡,Portugal, pú 
碱,alkali, jiǎn 
哺,feed, bǔ 
随,with, suí 
守,Shou, shǒu 
瓦,watt, wǎ 
珍,Jane, zhēn 
前,forward, qián 
邀,invite, yāo 
可,Can, kě 
捶,hammer, chuí 
矬,dwarfish, cuó 
怎,How, zěn 
水,water, shuǐ 
添,add, tiān 
唧,chirp, jī 
昂,hold head high, áng 
鸢,kite, yuān 
着,write, zhuó 
币,currency, bì 
荣,Rong, róng 
傅,fu, fù 
宗,Zong, zōng 
粟,millet, sù 
俩,both, liǎng 
屎,shit, shǐ 
挚,sincere, zhì 
曾,Once, zēng 
遛,stroll, liù 
花,flower, huā 
烟,cigarette, yān 
租,rent, zū 
奔,run, bēn 
炭,carbon, tàn 
僻,secluded, pì 
唔,Well, wú
啰,hello, 啰 
粤,Guangdong, yuè 
砰,boom, pēng 
锌,zinc, xīn 
氪,krypton, kè 
镁,magnesium, měi 
哒,clatter, dā 
屌,dick, 屌 
仨,three, sā 
泵,Pump, bèng 
茬,stubble, chá 
氢,hydrogen, qīng 
噻,thiophene, sāi 
钚,plutonium, bù 
氨,ammonia, ān 
氮,nitrogen, dàn 
硅,silicon, guī 
摞,pile, luò 
嚯,Whoo, huò 
镍,nickel, niè 
铬,chromium, gè 
酯,ester, zhǐ 
唛,mark, mà 
斋,fast, zhāi 
铀,uranium, yóu 
颞,temporal, niè 
噙,hold in mouth, qín 
羟,hydroxyl, qiǎng 
晙,as soon as possible, 晙 
铉,Hyun, xuàn 
飨,feast, xiǎng 
肏,fucking, 肏 
蔫,listless, niān 
屄,pussy, 屄 
镭,radium, léi 
吡,Pyril, pǐ 
吔,huh, 吔 
尻,butt, kāo 
钴,cobalt, gǔ 
挎,shoulder, kuà 
嘁,whispering sound, qī 
犟,stubborn, jiàng 
咲,Misaki, 咲 
呔,Tweet, dāi 
呒,mum, fǔ 
鄂,Hubei, è 
砣,mound, tuó 
楸,catalpa, qiū 
啫,jelly, 啫 
揾,find, 揾 
镐,pick, gǎo 
蚝,oyster, háo 
咣,bang, guāng 
卅,thirty, sà 
尕,Ga, gǎ 
昼,day, zhòu 
锶,strontium, sī 
呲,bark, zī 
嘚,bang, 嘚 
捋,stroke, luō 
啐,spit, cuì 
哐,bang bang, kuāng 
噌,bass, cēng 
铪,hafnium, hā 
冧,冧, 冧 
唰,swish, shuā 
硒,selenium, xī 
萘,naphthalene, nài 
氽,for a while, tǔn 
镉,cadmium, gé 
嘬,suck, zuō 
钯,palladium, bǎ 
鳃,gill, sāi 
氹,Taipa, 氹 
硌,sting, luò 
氚,tritium, chuān 
桖,kip, 桖 
噔,thump, dēng 
榎,Enoki, 榎 
桁,stringer, héng 
堑,moat, qiàn 
沭,shu, shù 
锰,manganese, měng 
鸫,thrush, dōng 
冚,冚, 冚 
铥,thulium, diū 
爰,Yuan, yuán 
浏,browse, liú 
吽,Hum, 吽 
瓤,flesh, ráng 
熵,entropy, shāng 
嗌,snort, yì 
铱,iridium, yī 
锗,germanium, zhě 
栎,oak, lì 
朲,people, 朲 
蝻,beetle, nǎn 
锕,Actinium, ā 
囗,mouth, wéi 
腚,buttocks, dìng 
唻,唻, 唻 
蚶,clam, hān 
裇,to wear, chù 
嗟,sigh, jiē 
钕,neodymium, n锟斤拷 
呡,huh, 呡 
炆,stew, 炆 
鹾,salt, cuó 
橹,scull, lǔ 
坳,depression, ào 
唵,Om, 唵 
呶,bawl, náo 
糍,Ci, cí 
涝,waterlogging, lào 
牺,sacrifice, xī 
抺,抺, 抺 
铯,cesium, sè 
淖,mud, nào 
镚,镚, jù 
桉,Eucalyptus, ān 
潞,Lu Lu, lù 
砹,Astatine, ài 
煅,calcined, duàn 
萁,Osmanthus, qí 
彽,彽, 彽 
掾,auxiliary, yuàn 
椁,outer coffin, guǒ 
骝,monkey, liú 
嗐,sneeze, 嗐 
诃,blame, hē 
佷,彷, 佷 
秸,straw, jiē 
哬,哬, 哬 
钌,ruthenium, liǎo 
薮,serval, sǒu 
廾,绾, gǒng 
糁,mix, sǎn
